STATION,LATITUDE,LONGITUDE,ALTIUDE,NAME
45001,22.20 ,114.02 ,79.0 ,香港
45004,22.32 ,114.17 ,66.0 ,香港
45005,22.30 ,114.17 ,33.0 ,香港
45007,22.32 ,114.20 ,24.0 ,香港
45009,22.18 ,114.30 ,56.0 ,香港
45011,22.20 ,113.53 ,59.0 ,澳门
50136,53.47 ,122.37 ,297.3 ,漠河
50204,52.83 ,123.18 ,551.0 ,阿木尔
50246,52.32 ,124.72 ,358.9 ,塔河
50247,52.05 ,123.67 ,521.6 ,呼中
50349,51.70 ,124.33 ,496.1 ,新林
50353,51.72 ,126.65 ,178.2 ,呼玛
50425,50.25 ,120.18 ,582.3 ,额尔古纳右旗
50431,50.78 ,121.52 ,981.3 ,额尔古纳左旗
50434,50.48 ,121.68 ,733.4 ,图里河
50442,50.40 ,124.12 ,372.1 ,大兴安岭
50445,50.58 ,123.73 ,424.7 ,鄂伦春旗
50468,50.25 ,127.45 ,166.9 ,黑河
50514,49.57 ,117.43 ,662.0 ,满州里
50524,49.32 ,119.43 ,577.6 ,陈巴尔虎旗
50525,49.15 ,119.75 ,621.4 ,鄂温克旗
50526,49.28 ,120.70 ,670.0 ,牙克石
50527,49.22 ,119.75 ,612.5 ,海拉尔
50548,49.20 ,123.72 ,287.2 ,小二沟
50557,49.17 ,125.23 ,243.0 ,嫩江
50564,49.43 ,127.35 ,235.1 ,孙吴
50566,49.58 ,128.47 ,113.0 ,逊克
50603,48.67 ,116.82 ,555.6 ,新巴尔虎右旗
50618,48.22 ,118.27 ,644.4 ,新巴尔虎左旗
50632,48.77 ,121.92 ,741.9 ,博克图
50639,48.00 ,122.73 ,307.9 ,扎兰屯
50645,48.47 ,124.48 ,193.4 ,莫力达瓦旗
50646,48.48 ,124.85 ,203.9 ,讷河
50647,48.12 ,123.48 ,219.5 ,阿荣旗
50655,48.50 ,126.18 ,273.2 ,德都
50656,48.28 ,126.52 ,272.0 ,北安
50658,48.05 ,125.88 ,236.3 ,克山
50659,48.03 ,126.25 ,294.7 ,克东
50673,48.88 ,130.40 ,91.5 ,嘉荫
50674,48.57 ,129.43 ,404.9 ,乌伊岭
50727,47.17 ,119.95 ,1027.8 ,阿儿山
50739,47.33 ,123.18 ,190.5 ,龙江
50741,47.93 ,123.50 ,186.6 ,甘南
50742,47.80 ,124.48 ,164.7 ,富裕
50745,47.38 ,123.92 ,147.3 ,齐齐哈尔
50749,47.18 ,124.83 ,154.6 ,林甸
50750,47.90 ,125.30 ,220.1 ,依安
50755,47.60 ,126.10 ,232.4 ,拜泉
50756,47.43 ,126.97 ,240.4 ,海伦
50758,47.17 ,125.90 ,249.9 ,明水
50767,47.23 ,127.10 ,204.0 ,绥棱
50772,48.12 ,129.25 ,299.1 ,五营
50774,47.73 ,128.92 ,245.8 ,伊春
50775,47.37 ,130.33 ,230.7 ,鹤岗
50776,47.57 ,130.83 ,84.8 ,萝北
50778,47.65 ,132.50 ,54.9 ,同江
50779,48.37 ,134.28 ,65.5 ,扶远
50787,47.28 ,131.85 ,63.0 ,绥滨
50788,47.23 ,131.98 ,65.0 ,富锦
50832,46.72 ,122.08 ,334.2 ,胡尔勒
50833,46.72 ,122.90 ,188.6 ,扎赉特旗
50834,46.60 ,121.22 ,501.0 ,索轮
50838,46.08 ,122.05 ,276.0 ,乌兰浩特
50842,46.87 ,124.43 ,151.0 ,杜尔伯特
50844,46.40 ,123.42 ,151.2 ,泰来
50851,46.68 ,126.10 ,206.3 ,青冈
50852,46.87 ,126.48 ,170.1 ,望奎
50853,46.62 ,126.97 ,180.4 ,绥化
50854,46.38 ,125.32 ,150.1 ,安达
50858,46.07 ,125.97 ,148.0 ,肇东
50859,46.25 ,126.27 ,163.9 ,兰西
50861,46.88 ,127.48 ,185.8 ,庆安
50862,46.98 ,128.02 ,213.4 ,铁力
50867,46.08 ,127.35 ,134.8 ,巴彦
50871,46.73 ,129.88 ,95.9 ,汤原
50873,46.82 ,130.28 ,82.2 ,佳木斯
50877,46.30 ,129.58 ,101.1 ,依兰
50878,47.02 ,130.72 ,79.3 ,桦川
50879,46.20 ,130.52 ,183.0 ,桦南
50880,46.72 ,131.13 ,106.0 ,集贤
50884,46.63 ,131.15 ,176.0 ,双鸭山
50888,46.32 ,132.18 ,83.5 ,宝清
50892,46.80 ,134.00 ,55.7 ,饶河
50913,45.72 ,118.80 ,867.3 ,乌拉盖
50915,45.52 ,116.97 ,840.0 ,东乌珠穆沁旗
50928,45.07 ,120.33 ,629.1 ,巴雅尔吐胡硕
50934,45.40 ,121.55 ,306.0 ,突泉
50936,45.63 ,122.83 ,156.3 ,白城
50937,45.05 ,121.47 ,250.6 ,科尔沁右翼中旗
50939,45.33 ,122.82 ,151.7 ,洮南
50940,45.85 ,123.17 ,142.3 ,镇赉
50945,45.50 ,124.27 ,138.5 ,大安
50946,45.18 ,124.83 ,139.9 ,扶余
50948,45.00 ,124.02 ,148.0 ,乾安
50949,45.12 ,124.83 ,137.8 ,前郭尔罗斯
50950,45.70 ,125.25 ,149.7 ,肇州
50953,45.75 ,126.77 ,143.0 ,哈尔滨
50954,45.50 ,125.08 ,128.5 ,肇源
50955,45.38 ,126.30 ,167.3 ,双城
50956,46.00 ,126.60 ,124.6 ,呼兰
50958,45.52 ,126.97 ,175.3 ,阿城
50960,45.78 ,127.45 ,192.5 ,宾县
50962,45.95 ,128.03 ,113.6 ,木兰
50963,45.97 ,128.73 ,110.0 ,通河
50964,45.83 ,128.80 ,120.0 ,方正
50965,45.45 ,128.30 ,157.0 ,延寿
50968,45.22 ,127.97 ,191.0 ,尚志
50973,45.75 ,130.58 ,220.5 ,勃利
50978,45.28 ,130.95 ,238.1 ,鸡西
50979,45.27 ,130.23 ,274.2 ,林口
50983,45.77 ,132.97 ,103.5 ,虎林
50985,45.55 ,131.87 ,151.4 ,密山
50987,45.25 ,131.13 ,177.7 ,鸡东
51053,48.05 ,86.40 ,534.0 ,哈巴河
51057,48.13 ,85.60 ,449.7 ,一八五团
51058,47.10 ,86.62 ,1226.2 ,黑山头
51059,47.43 ,85.87 ,983.9 ,吉木乃
51060,47.70 ,86.87 ,475.5 ,布尔津
51068,47.12 ,87.47 ,502.0 ,福海
51076,47.73 ,88.08 ,736.9 ,阿勒泰
51087,46.98 ,89.52 ,826.6 ,富蕴
51133,46.73 ,83.00 ,536.6 ,塔城
51137,46.20 ,82.93 ,716.2 ,裕民
51145,46.55 ,83.65 ,523.3 ,额敏
51156,46.78 ,85.72 ,1294.2 ,和布克赛尔
51186,46.67 ,90.38 ,1220.0 ,青河
51232,45.18 ,82.58 ,286.4 ,阿拉山口
51238,44.90 ,82.07 ,532.9 ,博乐
51241,45.93 ,83.60 ,1077.7 ,托里
51243,46.28 ,84.85 ,445.6 ,克拉玛依
51288,45.37 ,90.53 ,1654.7 ,北塔山
51328,44.20 ,80.42 ,774.0 ,霍尔果斯
51329,44.05 ,80.85 ,641.0 ,霍城
51330,44.97 ,81.02 ,1353.9 ,温泉
51334,44.62 ,82.90 ,321.2 ,精河
51346,44.43 ,84.67 ,478.3 ,乌苏
51352,44.85 ,85.25 ,337.8 ,炮台
51353,45.02 ,86.10 ,347.2 ,莫索湾
51356,44.32 ,86.05 ,443.7 ,石河子
51357,44.33 ,85.62 ,523.2 ,沙湾
51358,44.28 ,85.82 ,469.0 ,乌兰乌苏
51359,44.32 ,86.20 ,472.2 ,玛纳斯
51365,44.20 ,87.53 ,441.0 ,蔡家湖
51367,44.13 ,86.82 ,523.5 ,呼图壁
51368,44.02 ,87.43 ,579.3 ,昌吉
51369,44.97 ,87.65 ,601.2 ,米泉
51377,44.17 ,87.92 ,567.9 ,阜康
51378,44.02 ,89.17 ,735.4 ,吉木萨尔
51379,44.02 ,89.57 ,794.2 ,奇台
51430,43.85 ,81.15 ,601.0 ,察布查尔
51431,43.95 ,81.33 ,664.3 ,伊宁
51433,43.80 ,82.57 ,1106.1 ,尼勒克
51434,43.97 ,81.53 ,771.0 ,伊宁县
51435,43.47 ,82.23 ,775.6 ,巩留
51436,43.45 ,83.30 ,929.1 ,新源
51437,43.15 ,81.13 ,1854.6 ,昭苏
51438,43.18 ,81.77 ,1210.9 ,特克斯
51463,43.78 ,87.62 ,918.7 ,乌鲁木齐
51465,43.57 ,87.10 ,2161.0 ,小渠子
51467,42.73 ,86.30 ,1738.3 ,巴仑台
51468,43.10 ,86.83 ,3543.8 ,天山大西沟
51469,43.28 ,87.12 ,2355.6 ,乌鲁木齐牧试站
51470,43.88 ,88.12 ,1935.2 ,天池
51477,43.35 ,88.32 ,1104.2 ,达板城
51482,43.83 ,90.28 ,1271.0 ,木垒
51495,43.48 ,91.63 ,874.4 ,七角井
51526,42.23 ,88.22 ,924.0 ,库米什
51542,43.03 ,84.15 ,2458.9 ,巴音布鲁克
51559,42.32 ,86.40 ,1102.0 ,和静
51567,42.08 ,86.57 ,1057.2 ,焉耆
51568,42.25 ,86.80 ,1086.5 ,和硕
51571,42.80 ,88.63 ,2.2 ,托克逊
51572,42.83 ,89.25 ,-47.4 ,吐鲁番东坎
51573,42.93 ,89.20 ,37.2 ,吐鲁番
51581,42.85 ,90.23 ,399.1 ,鄯善
51627,41.22 ,79.23 ,1396.7 ,乌什
51628,41.17 ,80.23 ,1105.3 ,阿克苏
51629,41.27 ,80.23 ,1133.0 ,温宿
51633,41.78 ,81.90 ,1230.0 ,拜城
51636,41.53 ,82.62 ,1014.5 ,新和
51639,41.23 ,82.78 ,981.3 ,沙雅
51642,41.78 ,84.25 ,977.6 ,轮台
51644,41.72 ,83.07 ,1082.9 ,库车
51655,41.35 ,86.27 ,886.1 ,尉犁
51656,41.75 ,86.13 ,932.7 ,库尔勒
51701,40.52 ,75.40 ,3507.2 ,吐尔尕特
51704,39.72 ,76.17 ,1299.3 ,阿图什
51705,39.72 ,75.25 ,2177.5 ,乌恰
51707,39.50 ,76.73 ,1213.1 ,伽师
51708,39.15 ,75.95 ,1324.9 ,阿克陶
51709,39.47 ,75.98 ,1290.7 ,喀什
51711,40.93 ,78.45 ,1986.0 ,阿合奇
51716,39.80 ,78.57 ,1117.4 ,巴楚
51717,39.25 ,76.78 ,1206.7 ,岳普湖
51720,40.50 ,79.05 ,1162.5 ,柯坪
51722,40.65 ,80.40 ,1045.8 ,阿瓦提
51730,40.50 ,81.05 ,1013.0 ,阿拉尔
51765,40.63 ,87.70 ,847.1 ,铁干里克
51777,39.03 ,88.17 ,889.3 ,若羌
51802,38.93 ,76.17 ,1298.5 ,英吉沙
51804,37.78 ,75.23 ,3093.7 ,塔什库尔干
51810,38.92 ,77.63 ,1179.4 ,麦盖提
51811,38.43 ,77.27 ,1232.0 ,莎车
51814,37.92 ,77.40 ,1360.0 ,叶城
51815,38.18 ,77.27 ,1275.0 ,泽普
51818,37.62 ,78.28 ,1376.3 ,皮山
51826,37.02 ,80.80 ,1337.0 ,策勒
51827,37.28 ,79.72 ,1327.2 ,墨玉
51828,37.13 ,79.93 ,1374.7 ,和田
51829,37.08 ,80.17 ,1348.8 ,洛浦
51839,37.07 ,82.72 ,1409.7 ,民丰
51848,37.93 ,83.65 ,1264.2 ,安德河
51855,38.15 ,85.55 ,1248.4 ,且末
51886,38.25 ,90.85 ,2944.8 ,茫崖
51931,36.85 ,81.65 ,1423.3 ,于田
52101,43.60 ,93.00 ,1650.9 ,巴里坤
52112,43.77 ,95.13 ,469.8 ,淖毛湖
52118,43.27 ,94.70 ,1729.5 ,伊吾
52203,42.82 ,93.52 ,737.9 ,哈密
52211,42.77 ,94.53 ,1664.0 ,沁城
52267,41.95 ,101.07 ,941.3 ,额济纳旗
52313,41.53 ,94.67 ,1701.0 ,红柳河
52323,41.80 ,97.03 ,1770.1 ,马鬃山
52378,41.37 ,102.37 ,960.0 ,拐子湖
52418,40.15 ,94.68 ,1139.6 ,敦煌
52424,40.53 ,95.77 ,1171.8 ,安西
52436,40.27 ,97.03 ,1527.0 ,玉门镇
52446,40.30 ,99.52 ,1178.6 ,鼎新
52447,40.00 ,98.90 ,1271.2 ,金塔
52495,40.17 ,104.80 ,1325.9 ,巴音毛道
52515,39.52 ,94.88 ,2159.1 ,肃北
52533,39.77 ,98.48 ,1478.2 ,酒泉
52546,39.37 ,99.83 ,1332.9 ,高台
52557,39.15 ,100.17 ,1454.6 ,临泽
52575,39.30 ,102.70 ,1240.8 ,中泉子
52576,39.22 ,101.68 ,1511.5 ,阿拉善右旗
52602,38.75 ,93.33 ,2770.1 ,冷湖
52607,38.05 ,105.13 ,1342.9 ,头道湖
52633,38.80 ,98.42 ,3368.3 ,托勒
52643,38.83 ,99.62 ,2311.3 ,肃南
52645,38.42 ,99.58 ,3320.0 ,野牛沟
52652,38.93 ,100.43 ,1483.7 ,张掖
52656,38.45 ,100.82 ,2271.5 ,民乐
52657,38.18 ,100.25 ,2788.5 ,祁连
52661,38.80 ,101.08 ,1765.9 ,山丹
52674,38.23 ,101.97 ,1976.5 ,永昌
52675,38.53 ,102.20 ,1510.0 ,金昌
52679,37.92 ,102.67 ,1531.9 ,武威
52681,38.63 ,103.08 ,1368.5 ,民勤
52707,36.67 ,93.52 ,2771.5 ,小灶火
52717,37.85 ,95.37 ,3174.2 ,大柴旦
52737,37.37 ,97.37 ,2982.4 ,德令哈
52740,37.08 ,99.58 ,100.0 ,铁卜加
52745,37.30 ,99.03 ,3417.8 ,天峻
52749,37.08 ,99.58 ,3270.0 ,铁卜加
52754,37.33 ,100.13 ,3302.4 ,刚察
52765,37.38 ,101.62 ,2851.0 ,门源
52784,37.48 ,102.90 ,2073.2 ,古浪
52787,37.20 ,102.87 ,3043.9 ,乌鞘岭
52797,37.18 ,104.05 ,1631.4 ,景泰
52815,36.80 ,95.30 ,2679.9 ,察尔汉
52818,36.42 ,94.90 ,2809.2 ,格尔木
52825,36.43 ,96.42 ,2791.4 ,诺木洪
52833,36.92 ,98.48 ,2951.0 ,乌兰
52835,36.07 ,97.80 ,2906.6 ,香日德
52836,36.30 ,98.10 ,3192.1 ,都兰
52842,36.78 ,99.08 ,3088.7 ,茶卡
52853,36.92 ,100.98 ,3081.0 ,海晏
52854,36.62 ,100.27 ,3240.4 ,江西沟
52855,36.68 ,101.23 ,2635.3 ,湟源
52856,36.27 ,100.62 ,2836.0 ,恰卜恰
52862,36.95 ,101.68 ,2450.0 ,大通
52863,36.82 ,101.95 ,2480.8 ,互助
52866,36.72 ,101.75 ,2295.2 ,西宁
52868,36.03 ,101.43 ,2238.1 ,贵德
52869,36.52 ,101.57 ,2665.1 ,湟中
52874,36.48 ,102.38 ,1981.9 ,乐都
52875,36.50 ,102.10 ,2125.0 ,海东
52876,36.32 ,102.85 ,1814.8 ,民和
52877,36.10 ,102.27 ,2835.7 ,化隆
52885,36.75 ,103.25 ,2118.8 ,永登
52887,36.35 ,103.93 ,1669.7 ,皋兰
52889,36.05 ,103.88 ,1518.3 ,兰州
52895,36.57 ,104.68 ,1399.3 ,靖远
52896,36.55 ,104.18 ,1709.2 ,白银
52908,35.22 ,93.08 ,4614.2 ,伍道梁
52941,35.88 ,99.98 ,3246.6 ,河卡
52943,35.58 ,99.98 ,3324.3 ,兴海
52955,35.58 ,100.75 ,3201.6 ,贵南
52957,35.27 ,100.65 ,3290.4 ,同德
52963,35.95 ,102.03 ,2085.6 ,尖扎
52968,35.03 ,101.47 ,3663.8 ,泽库
52972,35.83 ,102.55 ,2492.3 ,循化
52978,35.20 ,102.52 ,2931.1 ,夏河
52980,35.97 ,103.30 ,1647.8 ,永靖
52981,35.67 ,103.40 ,2430.0 ,东乡
52982,35.48 ,103.57 ,1953.6 ,广河
52983,35.87 ,104.15 ,1875.4 ,榆中
52984,35.58 ,103.18 ,1918.5 ,临夏
52985,35.43 ,103.35 ,2137.6 ,和政
52986,35.37 ,103.87 ,1887.8 ,临洮
52988,35.37 ,103.72 ,2000.5 ,康乐
52993,35.68 ,105.08 ,2013.2 ,会宁
52995,35.58 ,104.62 ,1897.5 ,定西
52996,35.38 ,105.00 ,2450.4 ,华家岭
52998,35.13 ,104.20 ,2111.6 ,渭源
53068,43.65 ,111.97 ,965.9 ,二连浩特
53083,44.62 ,114.15 ,1182.9 ,那仁宝力格
53135,43.75 ,122.27 ,180.1 ,通辽
53149,42.53 ,110.13 ,1226.1 ,满都拉
53192,44.02 ,114.95 ,1127.9 ,阿巴嘎旗
53194,43.37 ,114.40 ,1068.4 ,白日乌拉
53195,43.87 ,113.63 ,1036.7 ,苏尼特左旗
53201,42.87 ,115.80 ,1293.5 ,那日图
53231,41.40 ,106.40 ,1510.2 ,海力素
53272,42.75 ,112.65 ,1103.0 ,苏尼特右旗
53276,42.40 ,112.90 ,1151.9 ,朱日和
53289,42.23 ,113.83 ,1322.8 ,镶黄旗
53324,41.45 ,106.98 ,1650.6 ,乌拉特后旗
53336,41.57 ,108.52 ,1289.8 ,乌拉特中旗
53337,41.10 ,108.27 ,1024.0 ,五原
53343,41.77 ,109.97 ,1613.0 ,白云鄂博
53348,41.02 ,109.13 ,1080.3 ,大佘太
53352,41.70 ,110.43 ,1377.1 ,达尔罕茂明安联合旗
53357,41.03 ,110.05 ,1361.4 ,固阳
53362,41.53 ,111.68 ,1490.4 ,四子王旗
53367,41.32 ,111.23 ,1603.2 ,希拉穆仁
53368,41.10 ,111.45 ,1597.5 ,武川
53378,41.27 ,112.62 ,1748.7 ,察哈尔右翼中旗
53384,41.45 ,113.18 ,1424.5 ,察哈尔右翼后旗
53385,41.57 ,113.55 ,1386.9 ,商都
53391,41.90 ,114.00 ,1484.6 ,化德
53392,41.85 ,114.60 ,1423.9 ,康保
53397,41.07 ,113.95 ,1358.5 ,尚义
53399,41.15 ,114.70 ,1394.2 ,张北
53419,40.33 ,107.00 ,1055.7 ,磴口
53420,40.90 ,107.13 ,1057.9 ,杭锦后旗
53424,40.77 ,107.23 ,1039.8 ,巴盟农试站
53433,40.73 ,108.65 ,1022.0 ,乌拉特前旗
53446,40.73 ,109.85 ,1069.1 ,包头
53451,40.67 ,110.27 ,1240.7 ,石拐
53455,40.55 ,110.53 ,999.7 ,土默特右旗
53457,40.40 ,110.03 ,1012.2 ,达拉特旗
53463,40.82 ,111.68 ,1065.0 ,呼和浩特
53464,40.68 ,111.15 ,1022.0 ,土默特左旗
53466,40.80 ,111.70 ,1052.4 ,呼和浩特市郊区
53467,40.27 ,111.18 ,1017.5 ,托克托
53469,40.38 ,111.80 ,1153.9 ,和林格尔
53472,40.87 ,112.57 ,1453.2 ,桌资
53475,40.52 ,112.52 ,1258.8 ,凉城
53478,40.00 ,112.45 ,1347.2 ,右玉
53480,41.03 ,113.07 ,1421.5 ,集宁
53481,40.80 ,113.22 ,1317.7 ,察哈尔右翼前旗
53483,40.88 ,113.87 ,1253.1 ,兴和
53484,40.45 ,113.07 ,1229.8 ,丰镇
53486,40.37 ,113.77 ,1050.8 ,阳高
53487,40.10 ,113.33 ,1069.0 ,大同
53488,40.03 ,113.58 ,1035.4 ,大同县
53490,40.43 ,114.05 ,1015.6 ,天镇
53491,40.68 ,114.40 ,802.0 ,怀安
53492,40.12 ,114.17 ,947.4 ,阳原
53498,40.57 ,115.03 ,630.3 ,宣化
53499,40.77 ,114.73 ,755.5 ,万全
53502,39.78 ,105.75 ,1033.0 ,吉兰太
53505,39.08 ,105.38 ,1235.0 ,锡林高勒
53512,39.68 ,106.80 ,1092.5 ,乌海
53513,40.75 ,107.42 ,1040.8 ,临河
53517,39.27 ,106.33 ,1466.4 ,石炭井
53518,39.00 ,106.37 ,1102.0 ,石咀山
53519,39.22 ,106.77 ,1092.2 ,惠农
53522,40.05 ,107.85 ,1184.6 ,伊克乌素
53529,39.10 ,107.98 ,1381.3 ,鄂托克旗
53533,39.85 ,108.73 ,1390.1 ,杭锦旗
53543,39.83 ,109.98 ,1459.0 ,东胜
53545,39.57 ,109.73 ,1330.5 ,伊金霍洛旗
53547,39.10 ,109.03 ,1312.9 ,乌审召
53553,39.67 ,110.87 ,1039.6 ,准格尔旗
53562,39.92 ,111.67 ,1190.8 ,清水河
53564,39.38 ,111.15 ,861.5 ,河曲
53565,39.43 ,111.50 ,1050.3 ,偏关
53567,37.03 ,111.08 ,980.7 ,府谷
53573,40.00 ,112.70 ,1337.1 ,左云
53574,39.52 ,112.27 ,1407.8 ,平鲁
53575,39.08 ,112.18 ,1531.7 ,神池
53576,39.50 ,112.82 ,1046.1 ,山阴
53577,39.00 ,112.30 ,1436.8 ,宁武
53578,39.30 ,112.43 ,1092.4 ,朔州
53579,39.02 ,112.90 ,861.3 ,代县
53580,39.82 ,113.10 ,1045.7 ,怀仁
53582,39.72 ,113.68 ,1093.1 ,浑源
53584,39.57 ,113.17 ,1001.9 ,应县
53585,39.17 ,113.27 ,934.2 ,繁峙
53588,39.03 ,113.53 ,2897.7 ,五台山
53590,39.75 ,114.27 ,979.2 ,广灵
53593,39.83 ,114.57 ,910.3 ,蔚县
53594,39.45 ,114.18 ,940.4 ,灵邱
53596,38.83 ,115.15 ,52.9 ,完县
53599,39.35 ,114.67 ,845.9 ,涞源
53602,38.83 ,105.67 ,1562.8 ,阿拉善左旗
53610,38.12 ,106.30 ,1117.3 ,灵武
53610,38.55 ,106.35 ,1108.0 ,贺兰
53611,38.90 ,106.55 ,1099.9 ,平罗
53612,37.98 ,106.18 ,1129.0 ,吴忠
53614,38.48 ,106.22 ,1112.7 ,银川
53615,38.80 ,106.70 ,1102.9 ,陶乐
53617,38.02 ,106.07 ,1132.2 ,青铜峡
53618,38.25 ,106.25 ,1117.9 ,永宁
53644,38.60 ,108.83 ,1369.3 ,乌审旗
53646,38.23 ,109.70 ,1058.5 ,榆林
53651,38.82 ,110.43 ,941.1 ,神木
53658,38.03 ,110.48 ,895.4 ,佳县
53659,37.97 ,111.00 ,1164.1 ,临县
53660,39.02 ,111.08 ,893.5 ,保德
53662,38.72 ,111.58 ,1393.7 ,岢岚
53663,38.92 ,111.82 ,1402.0 ,五寨
53664,38.47 ,111.13 ,1013.6 ,兴县
53665,38.28 ,111.65 ,1183.7 ,岚县
53666,38.35 ,111.93 ,1213.4 ,静乐
53669,38.07 ,111.78 ,1171.4 ,娄烦
53673,38.73 ,112.72 ,828.3 ,原平
53674,38.42 ,112.70 ,799.0 ,忻州
53676,38.50 ,112.98 ,760.4 ,定囊
53677,37.93 ,112.48 ,807.7 ,太原北郊
53678,38.07 ,112.67 ,898.2 ,阳县
53679,37.73 ,112.55 ,776.6 ,太原南郊
53680,38.30 ,114.38 ,109.6 ,灵寿
53681,38.83 ,113.37 ,1097.1 ,五台县豆村
53682,38.63 ,114.68 ,105.3 ,曲阳
53685,38.07 ,113.42 ,953.8 ,孟县
53687,37.78 ,113.63 ,752.1 ,平定
53688,38.45 ,114.55 ,97.5 ,行唐
53689,38.02 ,115.07 ,43.3 ,晋县
53690,38.85 ,114.18 ,283.2 ,阜平
53691,38.15 ,114.57 ,71.5 ,正定
53692,38.73 ,114.98 ,66.5 ,唐县
53693,38.03 ,114.13 ,256.0 ,井陉
53694,38.25 ,114.20 ,136.9 ,平山
53695,38.35 ,114.68 ,75.2 ,新乐
53696,38.52 ,115.00 ,55.0 ,定州
53697,38.02 ,114.83 ,52.9 ,藁城
53698,38.03 ,114.42 ,81.2 ,石家庄
53699,38.20 ,114.97 ,46.2 ,无极
53704,37.53 ,105.18 ,1226.8 ,中卫
53705,37.48 ,105.67 ,1184.9 ,中宁
53707,36.93 ,105.25 ,1698.8 ,兴仁堡
53723,37.78 ,107.40 ,1348.9 ,盐池
53725,37.58 ,107.58 ,1361.3 ,定边
53727,37.17 ,107.12 ,1713.0 ,麻黄山
53730,38.18 ,107.48 ,1335.0 ,鄂托克前旗
53732,37.85 ,108.72 ,1210.8 ,河南
53735,37.62 ,108.80 ,1336.9 ,靖边
53738,36.92 ,108.17 ,1331.1 ,吴旗
53740,37.93 ,109.23 ,1107.5 ,横山
53748,37.18 ,109.70 ,1065.9 ,子长
53750,37.77 ,110.17 ,872.9 ,米脂
53751,37.60 ,110.05 ,896.0 ,子洲
53753,37.43 ,110.88 ,815.5 ,柳林
53754,37.50 ,110.22 ,928.5 ,绥德
53756,37.52 ,110.72 ,746.4 ,吴堡
53757,37.12 ,110.12 ,938.8 ,清涧
53759,36.98 ,110.83 ,110.5 ,石楼
53760,37.88 ,111.23 ,1212.0 ,方山
53763,37.92 ,112.17 ,1004.8 ,太原古交区
53764,37.50 ,111.10 ,951.2 ,离石
53767,37.33 ,111.17 ,1212.2 ,中阳
53768,37.15 ,111.75 ,770.7 ,孝义
53769,37.25 ,111.78 ,748.9 ,汾阳
53770,37.35 ,112.35 ,769.4 ,祁县
53771,37.45 ,112.05 ,761.6 ,文水
53772,37.78 ,112.55 ,779.5 ,太原
53773,36.33 ,114.62 ,66.0 ,临漳
53774,37.62 ,112.33 ,774.6 ,清徐
53775,37.43 ,112.53 ,782.6 ,太谷
53776,37.68 ,112.77 ,831.4 ,榆次
53777,37.53 ,112.15 ,760.2 ,交城
53778,37.18 ,112.22 ,768.0 ,平遥
53780,37.90 ,113.17 ,1061.6 ,寿阳
53781,36.87 ,114.47 ,69.0 ,沙河
53782,37.85 ,113.55 ,742.6 ,阳泉
53783,37.60 ,113.70 ,876.5 ,昔阳
53784,37.77 ,114.73 ,43.0 ,赵县
53785,37.50 ,114.68 ,36.2 ,柏乡
53786,37.08 ,113.37 ,1132.5 ,左权
53787,37.07 ,112.98 ,1041.8 ,榆社
53788,37.33 ,113.57 ,1267.0 ,和顺
53789,37.88 ,114.63 ,53.2 ,栾城
53790,37.60 ,114.62 ,49.5 ,高邑
53791,37.75 ,114.53 ,63.7 ,元氏
53792,37.45 ,114.38 ,124.7 ,临城
53793,37.17 ,113.95 ,490.7 ,邢台县浆水
53794,37.35 ,114.75 ,33.7 ,隆尧
53795,37.65 ,114.37 ,137.0 ,赞皇
53796,37.62 ,114.88 ,32.4 ,宁晋
53797,37.28 ,114.50 ,77.8 ,内丘
53798,37.07 ,114.50 ,78.0 ,邢台
53799,37.22 ,115.03 ,30.5 ,巨鹿
53806,36.57 ,105.65 ,1855.5 ,海源
53810,36.98 ,105.90 ,1345.2 ,同心
53817,36.00 ,106.27 ,1752.8 ,固原
53821,36.58 ,107.30 ,1256.0 ,环县
53829,35.98 ,107.90 ,1094.9 ,庆阳
53832,36.77 ,108.77 ,1218.9 ,志丹
53833,37.13 ,114.70 ,36.8 ,任县
53841,36.88 ,109.32 ,1068.8 ,安塞
53845,36.60 ,109.50 ,958.8 ,延安
53848,36.27 ,109.35 ,1006.3 ,甘泉
53850,36.88 ,110.18 ,801.3 ,延川
53852,36.77 ,110.63 ,917.5 ,永和
53853,36.70 ,110.95 ,1053.7 ,隰县
53854,36.58 ,110.07 ,805.4 ,延长
53856,36.47 ,110.75 ,845.5 ,大宁
53857,36.07 ,110.18 ,840.5 ,宜川
53859,36.10 ,110.68 ,954.1 ,吉县
53860,36.98 ,111.17 ,1407.2 ,交口
53861,35.88 ,111.42 ,427.6 ,囊汾
53862,36.85 ,111.80 ,812.3 ,灵石
53863,37.03 ,111.92 ,745.8 ,介休
53864,36.40 ,111.10 ,1039.9 ,蒲县
53865,36.65 ,111.55 ,1012.5 ,汾西
53866,36.23 ,111.67 ,464.1 ,洪洞
53868,36.07 ,111.50 ,450.3 ,临汾
53869,36.58 ,111.72 ,568.0 ,霍州
53871,36.83 ,112.85 ,965.5 ,武乡
53872,36.77 ,112.68 ,962.0 ,沁县
53873,36.12 ,112.87 ,951.1 ,长子
53874,36.27 ,111.92 ,663.6 ,古县
53875,36.52 ,112.35 ,1001.1 ,沁源
53877,36.17 ,112.25 ,858.0 ,安泽
53878,36.52 ,113.38 ,113.2 ,黎城
53879,36.32 ,112.88 ,953.2 ,屯留
53880,36.33 ,113.23 ,948.7 ,潞城
53881,37.28 ,106.48 ,1382.9 ,韦州
53882,36.05 ,113.07 ,991.4 ,长治
53884,36.52 ,113.03 ,879.1 ,襄垣
53885,36.13 ,113.20 ,1031.0 ,壶关
53886,36.57 ,113.67 ,470.9 ,涉县
53888,36.20 ,113.43 ,1088.2 ,平顺
53889,36.07 ,113.82 ,308.6 ,林县
53890,36.72 ,114.20 ,219.1 ,武安
53891,37.00 ,114.68 ,43.0 ,南和
53892,36.60 ,114.50 ,58.6 ,邯郸
53893,36.77 ,114.95 ,40.6 ,曲周
53894,36.42 ,114.22 ,127.9 ,峰峰
53895,36.77 ,114.60 ,61.1 ,永年
53896,36.35 ,114.95 ,51.1 ,魏县
53897,36.38 ,114.38 ,70.4 ,磁县
53898,36.12 ,114.37 ,76.4 ,安阳
53899,36.48 ,114.97 ,49.3 ,广平
53903,35.97 ,105.72 ,1921.4 ,西吉
53906,35.52 ,105.72 ,1653.8 ,静宁
53908,35.22 ,105.23 ,1768.9 ,通渭
53910,35.67 ,106.20 ,2842.8 ,六盘山
53914,35.62 ,106.12 ,2079.5 ,隆德
53915,35.55 ,106.67 ,1348.2 ,平凉
53916,35.50 ,106.32 ,1949.0 ,泾源
53917,35.22 ,106.05 ,1615.6 ,庄浪
53923,35.73 ,107.63 ,1421.9 ,西峰镇
53924,35.15 ,107.40 ,1376.3 ,灵台
53925,35.68 ,107.18 ,1173.1 ,镇原
53926,35.33 ,107.35 ,1030.1 ,泾川
53927,35.22 ,106.63 ,1455.7 ,华亭
53928,35.30 ,107.02 ,1149.6 ,崇信
53929,35.20 ,107.80 ,1206.8 ,长武
53930,36.45 ,107.98 ,1270.0 ,华池
53931,36.00 ,109.38 ,921.3 ,富县
53934,35.82 ,108.02 ,1299.2 ,合水
53935,35.50 ,108.35 ,1443.4 ,正宁
53937,35.42 ,108.00 ,1222.0 ,宁县
53938,35.17 ,108.30 ,1277.9 ,旬邑
53941,35.18 ,109.58 ,805.4 ,白水
53942,35.82 ,109.50 ,1159.1 ,洛川
53944,35.55 ,109.32 ,1082.2 ,黄陵
53945,35.43 ,109.07 ,1394.4 ,宜君
53946,35.60 ,109.82 ,1088.5 ,黄龙
53947,35.08 ,109.07 ,979.7 ,铜川
53948,34.95 ,109.58 ,499.9 ,蒲城
53949,35.18 ,109.92 ,680.1 ,澄城
53950,35.23 ,110.15 ,710.1 ,合阳
53953,35.97 ,110.85 ,964.1 ,乡宁
53954,35.58 ,110.95 ,390.5 ,稽山
53955,35.47 ,110.45 ,458.8 ,韩城
53956,35.40 ,110.83 ,589.6 ,万荣
53957,35.62 ,110.72 ,459.5 ,河津
53958,35.15 ,110.72 ,407.7 ,临猗
53959,35.03 ,111.02 ,375.9 ,运城
53961,35.65 ,111.48 ,473.3 ,曲沃
53962,35.73 ,111.70 ,585.3 ,翼城
53963,35.65 ,111.37 ,535.0 ,候马
53964,35.62 ,111.22 ,431.8 ,新绛
53965,35.52 ,111.57 ,761.9 ,绛县
53966,35.98 ,111.83 ,818.1 ,浮山
53967,35.33 ,111.20 ,469.8 ,闻喜
53968,35.17 ,111.80 ,484.9 ,垣曲
53970,35.70 ,112.18 ,903.7 ,沁水
53972,35.12 ,112.92 ,120.4 ,沁阳
53973,35.78 ,112.92 ,834.7 ,高平
53974,35.62 ,114.18 ,72.8 ,淇县
53975,35.48 ,112.40 ,658.8 ,阳城
53976,35.52 ,112.83 ,743.5 ,晋城
53978,35.08 ,112.63 ,140.7 ,济源
53979,35.18 ,113.05 ,130.3 ,博爱
53980,36.55 ,114.80 ,50.9 ,肥乡
53981,35.78 ,113.27 ,1312.3 ,陵川
53982,35.23 ,113.27 ,113.2 ,焦作
53983,35.03 ,114.42 ,71.3 ,封丘
53984,35.23 ,113.42 ,86.3 ,修武
53985,35.45 ,113.82 ,97.5 ,辉县
53986,35.32 ,113.88 ,74.0 ,新乡
53987,35.10 ,113.40 ,96.1 ,武陡
53988,35.27 ,113.67 ,78.1 ,获加
53989,35.05 ,113.95 ,77.4 ,原阳
53990,35.90 ,114.17 ,177.1 ,鹤壁
53991,35.93 ,114.35 ,75.3 ,汤阴
53992,35.68 ,114.55 ,62.6 ,浚县
53993,35.93 ,114.92 ,52.4 ,内黄
53994,35.38 ,114.07 ,71.2 ,卫辉
53995,35.58 ,114.50 ,65.7 ,滑县
53996,36.45 ,114.70 ,57.5 ,成安
53997,35.15 ,114.18 ,72.3 ,延津
53998,35.20 ,114.65 ,62.7 ,长恒
54001,44.72 ,115.12 ,1098.6 ,伊和郭勒
54010,44.83 ,116.37 ,896.0 ,朝克乌拉
54012,44.58 ,117.60 ,996.6 ,西乌珠穆沁旗
54024,44.45 ,119.30 ,670.8 ,浩尔吐
54026,44.57 ,120.90 ,265.8 ,扎鲁特旗
54027,43.98 ,119.40 ,485.9 ,巴林左旗
54031,44.88 ,121.82 ,204.4 ,高力板
54039,44.03 ,122.02 ,182.7 ,舍伯吐
54041,44.78 ,123.07 ,150.5 ,通榆
54047,44.13 ,123.30 ,146.0 ,科左中旗
54049,44.25 ,123.97 ,190.1 ,长岭
54063,44.97 ,126.00 ,197.9 ,三岔河
54064,44.42 ,125.17 ,190.0 ,农安
54065,44.53 ,125.67 ,185.4 ,德惠
54069,44.17 ,125.80 ,175.6 ,九台
54072,44.83 ,126.53 ,206.1 ,榆树
54075,37.37 ,115.38 ,28.6 ,南宫
54076,44.42 ,126.93 ,252.2 ,舒兰
54080,44.90 ,127.15 ,196.2 ,五常
54092,44.58 ,129.40 ,262.2 ,海林
54093,44.93 ,130.55 ,266.7 ,穆棱
54094,44.57 ,129.60 ,242.5 ,牡丹江
54096,44.38 ,131.15 ,497.7 ,绥芬河
54098,44.33 ,129.47 ,272.4 ,宁安
54099,44.10 ,131.18 ,177.5 ,东安
54102,43.95 ,116.07 ,990.8 ,锡林浩特
54103,43.73 ,122.53 ,166.0 ,通辽钱家店
54113,43.53 ,118.65 ,623.3 ,巴林右旗
54115,43.60 ,118.07 ,800.3 ,林西
54117,43.25 ,117.53 ,1004.5 ,克什克腾旗
54122,43.88 ,120.05 ,374.9 ,阿鲁科尔沁旗
54132,42.40 ,121.07 ,400.0 ,青龙山
54134,43.60 ,121.28 ,242.3 ,开鲁
54142,43.50 ,123.53 ,116.1 ,双辽
54154,43.35 ,124.30 ,160.1 ,黎树
54155,43.67 ,124.23 ,144.2 ,孤家子
54156,43.52 ,124.80 ,200.6 ,公主岭
54157,43.18 ,124.33 ,165.4 ,四平
54161,43.90 ,125.22 ,238.5 ,长春
54164,43.35 ,125.28 ,249.1 ,伊通
54165,43.50 ,125.65 ,235.4 ,双阳
54169,43.30 ,126.02 ,270.3 ,烟筒山
54171,43.70 ,126.52 ,228.8 ,永吉
54172,43.95 ,126.47 ,184.4 ,吉林
54181,43.70 ,127.33 ,294.5 ,蛟河
54186,43.37 ,128.20 ,525.8 ,敦化
54187,43.12 ,128.92 ,369.0 ,安图
54192,43.70 ,130.25 ,466.7 ,罗子沟
54195,43.33 ,129.77 ,242.5 ,汪清
54204,42.30 ,115.00 ,1347.8 ,正镶白旗
54205,42.25 ,115.98 ,1301.0 ,正兰旗
54208,42.18 ,116.47 ,1247.0 ,多伦
54209,42.27 ,117.08 ,1324.3 ,塞罕坎
54213,42.95 ,119.03 ,633.0 ,翁牛特旗
54214,42.58 ,118.42 ,960.7 ,岗子
54218,42.27 ,118.97 ,568.0 ,赤峰
54219,42.27 ,118.93 ,568.9 ,赤峰郊区站
54223,42.85 ,120.65 ,363.6 ,奈曼旗
54225,42.28 ,119.92 ,588.8 ,敖汉旗
54226,42.33 ,120.70 ,401.6 ,宝国图
54231,42.97 ,122.35 ,249.3 ,科尔沁左翼后旗
54234,42.73 ,121.78 ,287.3 ,库伦旗
54236,42.42 ,122.53 ,84.2 ,彰武
54237,42.03 ,121.65 ,144.9 ,阜新
54243,42.78 ,124.12 ,165.0 ,昌图
54244,42.75 ,123.33 ,119.6 ,康平
54245,42.50 ,123.40 ,98.6 ,法库
54247,41.80 ,123.25 ,37.0 ,于洪
54248,42.03 ,123.53 ,62.8 ,新城子
54249,42.30 ,123.87 ,83.3 ,铁岭
54252,42.73 ,124.75 ,197.4 ,西丰
54254,42.53 ,124.05 ,99.0 ,开原
54259,42.10 ,124.92 ,235.3 ,清原
54260,42.92 ,125.08 ,254.4 ,辽源
54261,42.68 ,125.45 ,341.5 ,东丰
54263,42.95 ,126.05 ,332.9 ,盘石
54266,42.53 ,125.63 ,341.3 ,梅河口
54267,42.25 ,125.73 ,363.2 ,柳河
54273,42.98 ,126.75 ,263.9 ,桦甸
54274,42.68 ,126.07 ,298.2 ,辉南
54276,42.35 ,126.82 ,550.3 ,靖宇
54284,42.10 ,127.57 ,775.4 ,东岗
54285,42.53 ,128.25 ,591.6 ,松江
54286,42.53 ,129.00 ,474.7 ,和龙
54287,42.02 ,128.08 ,2623.9 ,天池
54290,42.77 ,129.40 ,242.4 ,龙井
54291,42.90 ,130.28 ,37.8 ,珲春
54292,42.88 ,129.47 ,178.2 ,延吉
54293,42.95 ,129.83 ,141.0 ,图们
54301,41.67 ,115.70 ,1411.4 ,沽源
54304,40.97 ,115.28 ,1249.0 ,崇礼
54305,41.88 ,115.27 ,1468.7 ,大仆寺旗
54308,41.22 ,116.63 ,660.8 ,丰宁
54311,41.93 ,117.75 ,844.0 ,围场
54313,41.93 ,118.70 ,737.4 ,喀喇沁旗
54316,41.52 ,118.75 ,679.3 ,八里罕
54318,41.82 ,117.72 ,562.3 ,隆化
54319,41.00 ,118.67 ,504.9 ,平泉
54320,41.60 ,119.35 ,551.3 ,宁城
54321,41.87 ,119.63 ,661.6 ,建平
54323,41.82 ,120.75 ,177.6 ,北票
54324,41.55 ,120.45 ,176.0 ,朝阳
54325,41.18 ,120.35 ,140.7 ,羊山
54326,41.38 ,119.70 ,422.5 ,叶柏寿
54327,41.23 ,119.35 ,417.5 ,凌源
54328,41.08 ,119.72 ,298.3 ,喀左
54330,41.32 ,121.37 ,28.3 ,锦县
54331,41.58 ,121.77 ,69.2 ,北镇
54332,41.52 ,122.72 ,20.6 ,辽中
54333,41.98 ,122.83 ,31.9 ,新民
54334,41.52 ,121.23 ,87.0 ,义县
54335,41.68 ,122.08 ,38.2 ,黑山
54336,41.38 ,122.43 ,8.5 ,台安
54337,41.13 ,121.12 ,70.2 ,锦州
54338,41.18 ,122.02 ,4.6 ,盘锦
54339,41.08 ,123.00 ,71.5 ,鞍山
54340,41.65 ,123.32 ,35.0 ,苏家屯
54342,41.73 ,123.45 ,45.2 ,沈阳
54345,41.20 ,123.07 ,30.5 ,辽阳县
54346,41.32 ,123.78 ,182.5 ,本溪
54347,41.23 ,123.17 ,25.7 ,辽阳
54348,41.42 ,123.32 ,42.8 ,灯塔
54349,41.30 ,124.28 ,205.8 ,本溪县
54351,41.92 ,124.08 ,120.4 ,章党
54353,41.73 ,125.05 ,328.7 ,新宾
54362,41.67 ,125.75 ,373.3 ,通化县
54363,41.68 ,125.90 ,403.2 ,通化
54365,41.27 ,125.35 ,242.0 ,桓仁
54371,41.93 ,126.43 ,523.3 ,浑江
54374,41.80 ,126.92 ,332.8 ,临江
54377,41.10 ,126.15 ,178.6 ,集安
54386,41.35 ,128.17 ,1017.7 ,长白
54398,40.12 ,116.63 ,39.5 ,顺义
54399,39.98 ,116.28 ,46.3 ,海淀
54401,40.78 ,114.88 ,725.8 ,张家口
54404,40.90 ,115.83 ,887.3 ,赤城
54405,40.40 ,115.50 ,541.6 ,怀来
54406,40.45 ,115.97 ,489.0 ,延庆
54408,40.38 ,115.22 ,530.8 ,涿鹿
54409,40.35 ,116.00 ,633.2 ,八达岭
54410,40.60 ,116.13 ,1216.9 ,佛爷顶
54412,40.73 ,116.63 ,333.7 ,汤河口
54416,40.38 ,116.87 ,73.1 ,密云
54419,40.32 ,116.63 ,60.6 ,怀柔
54420,40.93 ,117.33 ,535.8 ,滦平
54421,40.65 ,117.12 ,286.5 ,密云上甸子
54422,41.00 ,117.95 ,385.6 ,承德市
54423,40.97 ,117.93 ,374.4 ,承德
54424,40.15 ,117.10 ,29.4 ,平谷
54425,40.42 ,117.48 ,583.6 ,兴隆
54428,40.03 ,117.40 ,15.4 ,蓟县
54429,40.20 ,117.95 ,55.7 ,遵化
54430,40.77 ,118.17 ,269.1 ,承德县
54431,39.92 ,116.63 ,26.9 ,通县
54432,40.60 ,118.48 ,305.2 ,宽城
54433,39.95 ,116.48 ,36.5 ,朝阳
54434,40.15 ,118.30 ,107.5 ,迁西
54436,40.40 ,118.95 ,228.5 ,青龙
54437,39.50 ,118.67 ,16.9 ,滦南
54438,39.88 ,118.87 ,56.2 ,卢龙
54439,40.00 ,118.72 ,50.1 ,迁安
54449,39.93 ,119.60 ,3.3 ,秦皇岛
54452,40.80 ,119.82 ,366.5 ,建昌
54453,40.77 ,120.83 ,26.0 ,锦西
54454,40.35 ,120.35 ,16.3 ,绥中
54455,40.58 ,120.70 ,9.8 ,兴城
54470,40.98 ,122.07 ,4.8 ,大洼
54471,40.67 ,122.27 ,4.3 ,营口
54472,40.88 ,122.72 ,26.5 ,海城
54474,40.42 ,122.35 ,31.1 ,盖县
54475,40.62 ,122.48 ,12.1 ,营口县
54476,40.17 ,122.15 ,37.9 ,熊岳
54483,40.88 ,123.90 ,234.9 ,草河口
54486,40.28 ,123.28 ,80.8 ,岫岩
54493,40.72 ,124.78 ,261.5 ,宽甸
54494,40.47 ,124.07 ,74.0 ,凤城
54497,40.05 ,124.33 ,13.9 ,丹东
54499,40.22 ,116.22 ,79.7 ,昌平
54501,39.97 ,115.68 ,441.1 ,斋堂
54502,39.48 ,115.97 ,36.5 ,涿洲
54503,39.05 ,115.85 ,16.1 ,容城
54504,39.43 ,115.17 ,529.1 ,紫荆关
54505,39.92 ,116.12 ,93.6 ,门头沟
54506,39.33 ,115.85 ,29.5 ,新城
54507,39.35 ,115.50 ,52.6 ,易县
54508,39.38 ,115.70 ,43.5 ,涞水
54510,39.88 ,116.98 ,16.5 ,大厂
54511,39.93 ,116.28 ,54.7 ,北京
54512,39.43 ,116.28 ,23.8 ,固安
54513,39.93 ,116.18 ,70.8 ,石景山
54514,39.87 ,116.25 ,56.3 ,丰台
54515,39.50 ,116.70 ,14.3 ,廊坊
54517,39.10 ,117.17 ,5.2 ,天津市
54518,39.12 ,116.38 ,10.6 ,坝县
54519,39.32 ,116.48 ,14.9 ,永清
54520,39.97 ,117.08 ,19.4 ,三河
54521,39.77 ,116.98 ,13.5 ,香河
54522,39.88 ,117.73 ,19.1 ,玉田
54523,39.40 ,117.10 ,7.4 ,武清
54525,39.73 ,117.28 ,6.0 ,宝坻
54526,39.07 ,117.42 ,5.0 ,东丽
54527,39.08 ,117.07 ,3.8 ,天津
54528,39.22 ,117.12 ,5.2 ,北晨区
54529,39.35 ,117.82 ,4.1 ,宁河
54530,39.23 ,117.77 ,2.3 ,汉沽区
54531,39.73 ,118.75 ,26.2 ,滦县
54532,39.80 ,118.10 ,34.9 ,丰润
54533,39.55 ,118.12 ,5.2 ,丰南
54534,39.67 ,118.15 ,28.6 ,唐山
54535,39.28 ,118.45 ,5.3 ,唐海
54539,39.42 ,118.90 ,12.0 ,乐亭
54540,39.72 ,119.17 ,14.6 ,昌黎
54541,39.88 ,119.23 ,22.6 ,抚宁
54563,39.63 ,122.02 ,119.8 ,瓦房店
54568,39.08 ,121.70 ,14.3 ,金州
54569,39.40 ,121.97 ,32.0 ,新金
54575,39.42 ,122.37 ,44.9 ,皮口
54579,39.27 ,122.58 ,30.5 ,长海
54584,39.72 ,122.95 ,35.9 ,庄河
54587,39.07 ,123.22 ,66.4 ,海洋岛
54590,39.88 ,124.15 ,8.1 ,东沟
54594,39.75 ,116.33 ,41.3 ,大兴
54596,39.70 ,116.00 ,48.9 ,房山
54597,39.73 ,115.73 ,409.1 ,霞云岭
54601,39.02 ,115.65 ,17.2 ,徐水
54602,38.85 ,115.52 ,18.9 ,保定
54603,38.68 ,115.78 ,11.2 ,高阳
54604,38.42 ,115.33 ,30.5 ,安国
54605,38.92 ,115.93 ,12.8 ,安新
54606,38.23 ,115.73 ,20.0 ,饶阳
54607,38.72 ,115.12 ,45.9 ,望都
54608,38.00 ,115.55 ,27.0 ,深县
54609,38.23 ,115.52 ,26.9 ,安平
54610,38.72 ,116.08 ,10.4 ,任丘
54611,38.95 ,115.32 ,39.6 ,满城
54612,38.87 ,116.45 ,7.7 ,文安
54613,38.70 ,116.62 ,7.8 ,大城
54614,38.45 ,116.08 ,13.1 ,河间
54615,38.58 ,116.83 ,8.6 ,青县
54616,38.33 ,116.83 ,10.8 ,沧州
54617,38.18 ,116.12 ,13.8 ,献县
54618,38.03 ,116.28 ,14.5 ,泊头
54619,38.92 ,116.92 ,6.5 ,静海
54620,38.48 ,115.57 ,19.6 ,北县
54621,38.18 ,115.18 ,37.6 ,深泽
54622,38.98 ,117.37 ,4.7 ,津区
54623,39.00 ,117.72 ,10.8 ,塘沽区
54624,38.37 ,117.35 ,7.3 ,黄骅
54626,38.42 ,115.82 ,14.2 ,肃宁
54627,38.03 ,117.23 ,8.8 ,盐山
54628,38.15 ,117.48 ,7.2 ,海兴
54631,37.07 ,115.15 ,32.6 ,广宗
54632,37.07 ,115.03 ,34.8 ,平乡
54633,37.52 ,115.23 ,26.3 ,新河
54636,38.98 ,116.10 ,10.9 ,雄县
54640,36.92 ,114.87 ,37.0 ,鸡泽
54644,38.05 ,117.08 ,8.6 ,孟村
54645,38.83 ,117.50 ,5.1 ,大港区
54646,38.45 ,118.42 ,19.8 ,平台
54660,38.82 ,121.23 ,62.4 ,旅顺
54662,38.90 ,121.63 ,97.3 ,大连
54700,38.03 ,115.98 ,18.5 ,武强
54701,37.92 ,115.22 ,36.8 ,辛集
54702,37.73 ,115.70 ,22.0 ,衡水
54703,37.80 ,115.88 ,21.6 ,武邑
54704,37.55 ,115.57 ,22.8 ,冀县
54706,37.07 ,115.65 ,31.6 ,清河
54707,37.35 ,115.98 ,28.0 ,故城
54708,37.52 ,115.72 ,25.2 ,枣强
54709,37.22 ,116.07 ,27.2 ,武城
54710,37.87 ,116.17 ,19.5 ,阜城
54711,37.68 ,116.30 ,19.9 ,景县
54712,37.18 ,116.87 ,24.0 ,临邑
54713,37.88 ,116.53 ,14.8 ,东光
54714,37.43 ,116.32 ,22.7 ,德州
54715,37.33 ,116.57 ,19.2 ,陵县
54716,37.65 ,116.80 ,17.2 ,宁津
54717,37.63 ,116.40 ,16.5 ,吴桥
54718,37.15 ,116.43 ,23.0 ,平原
54719,38.03 ,116.68 ,13.2 ,南皮
54722,37.77 ,117.58 ,7.7 ,无棣
54723,37.65 ,117.57 ,11.0 ,阳信
54724,37.33 ,117.17 ,15.7 ,商河
54725,37.50 ,117.53 ,12.2 ,惠民县
54726,37.72 ,117.18 ,12.7 ,乐陵
54727,36.72 ,117.57 ,75.1 ,章丘
54728,37.77 ,117.38 ,9.3 ,庆云
54729,37.17 ,117.78 ,14.0 ,高青
54730,37.68 ,118.12 ,7.7 ,沾化
54731,37.48 ,118.23 ,11.2 ,利津
54732,37.88 ,118.53 ,13.0 ,河口
54734,37.37 ,118.02 ,11.4 ,惠民
54736,37.43 ,118.67 ,8.8 ,羊角沟
54737,37.15 ,118.13 ,9.6 ,博兴
54738,37.05 ,118.35 ,5.8 ,广饶
54744,37.60 ,118.53 ,9.6 ,垦利
54749,37.18 ,119.93 ,48.9 ,莱州
54751,37.93 ,120.72 ,43.0 ,长岛
54752,37.80 ,120.77 ,48.4 ,蓬莱
54753,37.62 ,120.32 ,4.8 ,龙口
54755,37.35 ,120.38 ,81.2 ,招远
54759,37.30 ,120.82 ,165.9 ,栖霞
54764,37.50 ,121.25 ,33.9 ,福山
54765,37.53 ,121.40 ,47.8 ,烟台
54766,37.38 ,121.58 ,11.7 ,牟平
54774,37.47 ,122.13 ,61.3 ,威海
54776,27.30 ,112.70 ,1268.0 ,南岳
54777,37.18 ,122.03 ,56.2 ,文登
54778,37.17 ,122.38 ,38.9 ,荣城
54800,36.98 ,115.25 ,34.7 ,威县
54801,36.85 ,115.48 ,35.8 ,临西
54802,36.85 ,115.72 ,37.5 ,临清
54803,36.92 ,115.95 ,37.7 ,夏津
54804,36.30 ,115.15 ,45.7 ,大名
54805,36.48 ,115.45 ,40.9 ,冠县
54806,36.42 ,115.95 ,34.0 ,聊城
54807,36.13 ,115.80 ,44.0 ,阳谷
54808,36.03 ,115.58 ,47.0 ,朝城
54809,36.55 ,115.28 ,42.1 ,馆陶
54810,36.87 ,116.27 ,28.3 ,高唐
54811,36.93 ,116.63 ,25.0 ,禹城
54812,36.78 ,116.75 ,23.6 ,齐河
54814,36.58 ,116.22 ,32.1 ,茌平
54815,36.35 ,116.23 ,36.6 ,东阿
54816,36.60 ,116.73 ,45.4 ,长青
54817,35.98 ,115.87 ,43.0 ,台前
54818,36.28 ,116.43 ,42.8 ,平阴
54819,36.18 ,116.78 ,108.0 ,肥城
54820,36.82 ,115.17 ,37.9 ,丘县
54821,36.98 ,117.12 ,22.4 ,济阳
54822,36.90 ,117.73 ,24.8 ,邹平
54823,36.68 ,116.98 ,57.8 ,济南
54824,36.63 ,117.95 ,93.7 ,淄川
54825,36.52 ,117.83 ,192.1 ,博山
54826,36.25 ,117.10 ,1536.5 ,泰山
54827,36.17 ,117.10 ,134.0 ,泰安
54828,36.25 ,117.65 ,190.3 ,莱芜
54829,36.82 ,117.87 ,45.6 ,周村
54830,36.83 ,118.00 ,34.5 ,淄博
54831,36.70 ,118.47 ,111.0 ,青州
54832,36.88 ,118.72 ,30.2 ,寿光
54833,36.95 ,118.07 ,22.0 ,桓台
54834,36.83 ,118.33 ,51.7 ,临淄
54835,36.50 ,118.55 ,110.4 ,临朐
54836,36.18 ,118.15 ,301.6 ,沂源
54837,36.70 ,118.83 ,73.1 ,昌乐
54839,36.05 ,118.75 ,205.3 ,马站
54841,36.87 ,119.40 ,8.8 ,昌邑
54842,36.77 ,119.93 ,48.7 ,平度
54843,36.77 ,119.18 ,19.3 ,潍坊
54844,36.42 ,119.18 ,64.7 ,安邱
54846,36.38 ,119.72 ,37.1 ,高密
54848,35.98 ,119.42 ,95.5 ,诸城
54849,36.27 ,120.00 ,16.7 ,胶州
54851,36.87 ,120.48 ,56.2 ,莱西
54852,36.97 ,120.73 ,3.6 ,莱阳
54853,36.17 ,120.42 ,44.7 ,崂山
54855,36.38 ,120.47 ,26.2 ,即墨
54857,36.07 ,120.33 ,77.2 ,青岛
54861,36.90 ,121.48 ,38.4 ,乳山
54863,36.77 ,121.17 ,63.9 ,海阳
54868,36.27 ,121.38 ,68.4 ,千里岩
54871,36.87 ,122.43 ,34.1 ,石岛
54900,35.70 ,115.02 ,53.1 ,濮阳
54901,36.07 ,115.18 ,49.6 ,南乐
54902,35.90 ,115.12 ,50.1 ,清丰
54903,35.92 ,115.48 ,49.3 ,范县
54904,35.58 ,115.50 ,51.4 ,鄄城
54905,35.60 ,115.92 ,46.3 ,郓城
54906,35.25 ,115.43 ,50.8 ,菏泽
54907,34.98 ,116.65 ,36.2 ,鱼台
54908,35.28 ,115.08 ,59.5 ,东明
54909,35.10 ,115.55 ,51.7 ,定陶
54910,35.80 ,116.08 ,40.8 ,梁山
54911,35.93 ,116.45 ,48.3 ,东平
54912,35.72 ,116.48 ,47.9 ,汶上
54913,35.75 ,116.80 ,61.2 ,宁阳
54914,35.42 ,116.10 ,41.1 ,巨野
54915,35.43 ,116.58 ,45.2 ,济宁
54916,35.57 ,116.85 ,53.0 ,兖州
54917,35.10 ,116.30 ,41.3 ,金乡
54918,35.60 ,116.98 ,69.1 ,曲阜
54919,35.42 ,117.00 ,78.9 ,邹县
54920,35.65 ,117.27 ,110.4 ,泗水
54921,35.45 ,116.43 ,42.9 ,加祥
54922,35.90 ,117.73 ,199.2 ,新泰
54923,35.72 ,117.92 ,202.9 ,蒙阴
54925,35.50 ,117.62 ,167.0 ,平邑
54927,35.12 ,117.13 ,65.9 ,滕州
54929,35.25 ,117.95 ,120.5 ,费县
54932,35.80 ,118.67 ,160.6 ,沂水
54935,35.53 ,118.47 ,118.2 ,沂南
54936,35.58 ,118.83 ,108.6 ,县
54938,35.05 ,118.35 ,86.5 ,临沂
54939,35.25 ,118.83 ,113.1 ,南
54940,35.75 ,119.20 ,154.2 ,五连
54943,35.88 ,120.00 ,10.1 ,胶南
54945,35.38 ,119.53 ,22.8 ,日照
54952,35.88 ,120.85 ,42.8 ,朝连岛
55228,32.50 ,80.08 ,4279.3 ,狮泉河
55243,32.15 ,84.42 ,4416.1 ,改则
55279,31.37 ,90.02 ,4701.0 ,班戈
55294,32.35 ,91.10 ,4801.0 ,安多
55299,31.48 ,92.07 ,4508.0 ,那曲
55437,30.28 ,81.25 ,3901.1 ,普兰
55472,30.95 ,88.63 ,4673.9 ,申扎
55493,30.48 ,91.10 ,4201.1 ,当雄
55569,29.08 ,87.63 ,4001.1 ,拉孜
55572,29.68 ,89.10 ,4001.2 ,南木林
55578,29.25 ,88.88 ,3837.0 ,日喀则
55585,29.43 ,90.17 ,3810.9 ,尼木
55589,29.30 ,90.98 ,3556.0 ,贡噶
55591,29.67 ,91.13 ,3650.1 ,拉萨
55593,29.85 ,91.73 ,3805.6 ,墨竹贡卡
55597,29.03 ,91.68 ,3741.0 ,琼结
55598,29.25 ,91.77 ,3553.2 ,泽当
55655,28.18 ,85.97 ,3811.0 ,聂拉木
55664,28.63 ,87.08 ,4301.7 ,定日
55680,28.92 ,89.60 ,4041.0 ,江孜
55681,28.97 ,90.40 ,4433.0 ,浪卡子
55690,27.98 ,91.95 ,4281.0 ,错那
55696,28.42 ,92.47 ,3861.0 ,隆子
55773,27.73 ,89.08 ,4301.2 ,帕里
56004,34.22 ,92.43 ,4534.3 ,托托河
56016,33.85 ,95.60 ,4181.0 ,治多
56018,32.90 ,95.30 ,4068.5 ,杂多
56021,34.13 ,95.78 ,4176.4 ,曲麻莱
56029,33.02 ,97.02 ,3682.2 ,玉树
56033,34.92 ,98.22 ,4273.3 ,玛多
56034,33.80 ,97.13 ,4417.5 ,清水河
56038,32.98 ,98.10 ,4201.0 ,石渠
56041,34.27 ,99.20 ,4212.1 ,中心站
56043,34.47 ,100.25 ,3720.0 ,果洛
56045,33.97 ,99.90 ,4051.0 ,甘德
56046,33.75 ,99.65 ,3968.5 ,达日
56065,34.73 ,101.60 ,3501.0 ,河南
56067,33.43 ,101.48 ,3630.0 ,久治
56071,34.58 ,102.50 ,3106.7 ,碌曲
56074,34.00 ,102.08 ,3473.2 ,玛曲
56079,33.58 ,102.97 ,3441.1 ,若尔盖
56080,35.00 ,102.90 ,2910.5 ,合作
56081,34.70 ,103.35 ,2811.6 ,临潭
56082,34.58 ,103.50 ,2545.0 ,卓尼
56084,34.07 ,103.22 ,2401.4 ,迭部
56091,34.85 ,104.45 ,1883.2 ,漳县
56092,35.00 ,104.65 ,1728.8 ,陇西
56093,34.43 ,104.02 ,2315.8 ,岷县
56094,34.78 ,104.37 ,1400.9 ,舟曲
56095,34.03 ,104.38 ,1754.3 ,宕昌
56096,33.40 ,104.92 ,1081.7 ,武都
56097,33.27 ,104.23 ,1407.1 ,南坪
56106,31.88 ,93.78 ,4023.8 ,索县
56109,31.48 ,93.78 ,3941.0 ,比如
56116,31.42 ,95.60 ,3874.0 ,丁青
56125,32.20 ,96.48 ,3645.0 ,囊谦
56128,31.22 ,96.60 ,3811.0 ,类乌齐
56137,31.15 ,97.17 ,3307.1 ,昌都
56144,31.73 ,98.57 ,3199.3 ,德格
56146,31.62 ,100.00 ,3394.2 ,甘孜
56147,31.22 ,98.83 ,3261.0 ,白玉
56151,32.93 ,100.75 ,3530.0 ,班玛
56152,32.28 ,100.33 ,3895.8 ,色达
56158,31.40 ,100.67 ,3250.0 ,炉霍
56164,32.27 ,100.98 ,3286.6 ,壤塘
56167,30.98 ,101.12 ,2958.7 ,道孚
56168,31.48 ,102.07 ,2170.7 ,金川
56171,32.90 ,101.70 ,3276.6 ,阿坝
56172,31.90 ,102.23 ,2665.9 ,马尔康
56173,32.80 ,102.55 ,3492.7 ,红原
56178,31.00 ,102.35 ,2368.6 ,小金
56180,31.68 ,103.85 ,1591.6 ,茂县
56181,30.63 ,103.67 ,534.2 ,崇庆
56182,32.65 ,103.57 ,2852.1 ,松潘
56183,31.47 ,103.58 ,1326.6 ,汶川
56184,31.43 ,103.17 ,1885.7 ,理县
56185,32.08 ,102.98 ,2400.5 ,黑水
56186,31.33 ,104.17 ,589.3 ,绵竹
56187,30.70 ,103.83 ,540.6 ,温江
56188,30.98 ,103.67 ,707.0 ,都江堰
56189,30.98 ,103.93 ,583.3 ,彭县
56190,31.65 ,104.42 ,599.7 ,安县
56192,32.95 ,104.67 ,1016.9 ,文县
56193,32.42 ,104.52 ,877.4 ,平武
56194,31.83 ,104.47 ,638.8 ,北川
56195,31.78 ,104.73 ,531.8 ,江油
56196,31.47 ,104.68 ,472.3 ,绵阳
56197,31.13 ,104.18 ,534.5 ,什邡
56198,31.15 ,104.38 ,500.7 ,德阳
56199,31.03 ,104.68 ,425.1 ,中江
56202,30.67 ,93.28 ,4489.8 ,嘉黎
56223,30.75 ,95.83 ,3640.0 ,洛隆
56227,29.87 ,95.77 ,2737.0 ,波密
56228,30.05 ,96.92 ,3261.0 ,八宿
56247,30.00 ,99.10 ,2589.1 ,巴塘
56251,30.93 ,100.32 ,2999.2 ,新龙
56257,30.00 ,100.27 ,3950.5 ,理塘
56263,30.88 ,101.88 ,1948.1 ,丹巴
56267,30.03 ,101.02 ,2598.7 ,雅江
56272,30.82 ,103.88 ,560.6 ,郫县
56273,30.38 ,102.82 ,1011.1 ,宝兴
56276,30.43 ,103.80 ,461.8 ,新津
56278,30.07 ,102.77 ,756.7 ,天全
56279,30.15 ,102.93 ,684.6 ,芦山
56280,30.08 ,103.12 ,692.5 ,名山
56281,30.20 ,103.52 ,505.9 ,浦江
56284,30.42 ,103.48 ,502.9 ,邛崃
56285,30.60 ,103.52 ,525.3 ,大邑
56286,30.55 ,104.25 ,514.9 ,龙泉驿
56287,29.98 ,103.00 ,629.4 ,雅安
56288,30.58 ,103.92 ,495.8 ,双流
56289,30.20 ,103.87 ,436.3 ,彭山
56290,30.83 ,104.15 ,496.8 ,新都
56291,30.97 ,104.28 ,474.9 ,广汉
56294,30.67 ,104.02 ,507.3 ,成都
56295,30.38 ,104.55 ,448.2 ,简阳
56296,30.85 ,104.43 ,449.0 ,金堂
56297,30.02 ,104.15 ,437.1 ,仁寿
56298,30.12 ,104.65 ,358.4 ,资阳
56307,29.15 ,92.58 ,3260.9 ,加查
56312,29.57 ,94.47 ,3001.0 ,林芝
56317,29.22 ,94.22 ,2952.0 ,米林
56331,29.67 ,97.83 ,3781.0 ,左贡
56342,29.68 ,98.60 ,3871.0 ,茫康
56357,29.05 ,100.30 ,3728.6 ,稻城
56371,29.92 ,102.23 ,1322.1 ,泸定
56373,29.78 ,102.85 ,763.7 ,荣经
56374,30.05 ,101.97 ,2615.5 ,康定
56376,29.35 ,102.68 ,798.1 ,汉源
56378,29.23 ,102.35 ,875.1 ,石棉
56380,29.92 ,103.37 ,463.0 ,洪雅
56381,30.02 ,103.52 ,497.0 ,丹棱
56382,29.73 ,103.60 ,408.0 ,夹江
56383,29.83 ,103.83 ,394.7 ,青神
56384,29.60 ,103.48 ,447.3 ,峨眉
56385,29.52 ,103.33 ,3048.6 ,峨眉山
56386,29.57 ,103.75 ,422.1 ,乐山
56387,29.23 ,103.27 ,639.5 ,峨边
56389,29.25 ,103.95 ,388.8 ,犍为
56390,29.67 ,104.07 ,419.1 ,井研
56391,30.05 ,103.82 ,411.7 ,眉山
56393,29.77 ,104.85 ,366.9 ,资中
56394,29.45 ,104.43 ,382.1 ,荣县
56395,29.52 ,104.67 ,352.5 ,威远
56396,29.35 ,104.77 ,357.0 ,自贡
56399,29.18 ,104.98 ,301.7 ,富顺
56434,28.65 ,97.47 ,2331.2 ,察隅
56441,28.72 ,99.28 ,2424.3 ,得荣
56443,28.93 ,99.80 ,2841.7 ,乡城
56444,28.45 ,98.88 ,3488.0 ,德钦
56459,27.93 ,101.27 ,2427.3 ,木里
56462,29.00 ,101.50 ,2993.7 ,九龙
56473,28.95 ,102.77 ,1061.1 ,甘洛
56474,28.55 ,102.17 ,1777.9 ,冕宁
56475,28.65 ,102.52 ,1660.1 ,越西
56478,28.30 ,102.43 ,1850.3 ,喜德
56479,28.00 ,102.85 ,2133.7 ,昭觉
56480,28.83 ,103.55 ,542.0 ,马边
56483,28.60 ,103.95 ,412.9 ,绥江
56485,28.28 ,103.57 ,253.9 ,雷波
56487,28.33 ,103.13 ,2082.8 ,美姑
56489,28.23 ,103.63 ,877.2 ,永善
56490,28.95 ,103.90 ,397.4 ,沐川
56491,28.70 ,104.55 ,286.0 ,宜宾县
56492,28.80 ,104.60 ,341.6 ,宜宾
56493,28.85 ,104.97 ,294.0 ,南溪
56494,28.65 ,104.15 ,100.0 ,屏山
56495,28.70 ,104.55 ,286.0 ,宜宾农试站
56496,28.32 ,105.23 ,353.7 ,兴文
56497,28.07 ,104.25 ,483.1 ,盐津
56498,28.17 ,104.52 ,456.6 ,筠连
56499,28.38 ,104.78 ,368.1 ,珙县
56533,27.75 ,98.67 ,1595.7 ,贡山
56543,27.83 ,99.70 ,3277.1 ,中甸
56548,27.17 ,99.28 ,2321.5 ,维西
56565,27.43 ,101.52 ,2545.0 ,盐源
56567,27.30 ,100.85 ,2242.3 ,宁蒗
56569,27.42 ,102.18 ,1383.5 ,德昌
56571,27.90 ,102.27 ,1592.4 ,西昌
56575,27.37 ,102.55 ,1433.0 ,普格
56578,27.07 ,102.75 ,2461.2 ,宁南
56582,27.77 ,103.88 ,1063.5 ,大关
56584,27.70 ,103.25 ,1452.8 ,金阳
56585,27.18 ,103.37 ,1916.0 ,鲁甸
56586,27.35 ,103.72 ,1950.0 ,昭通
56592,28.43 ,104.52 ,358.2 ,高县
56593,28.58 ,104.92 ,275.5 ,长宁
56594,27.63 ,104.05 ,880.0 ,彝良
56595,27.43 ,104.87 ,1667.8 ,镇雄
56596,27.85 ,105.05 ,1173.3 ,威信
56598,27.13 ,104.73 ,1535.1 ,赫章
56641,26.90 ,98.87 ,1191.0 ,福贡
56643,26.87 ,98.85 ,901.2 ,怒江州
56645,26.42 ,99.42 ,2345.3 ,兰坪
56646,26.53 ,99.92 ,2191.8 ,剑川
56649,26.12 ,99.97 ,2069.7 ,洱源
56651,26.87 ,100.22 ,2394.4 ,丽江
56652,26.68 ,100.75 ,2131.0 ,永胜
56654,26.58 ,100.18 ,2198.4 ,鹤庆
56664,26.63 ,101.27 ,1242.0 ,华坪
56665,26.92 ,101.53 ,1160.4 ,盐边
56666,26.58 ,101.72 ,1191.1 ,攀枝花
56669,26.05 ,101.68 ,1531.1 ,永仁
56670,26.90 ,102.12 ,1105.8 ,米易
56671,26.65 ,102.25 ,1788.6 ,会理
56673,26.92 ,102.92 ,841.0 ,巧家
56674,26.50 ,101.73 ,1111.7 ,仁和
56675,26.65 ,102.58 ,1700.0 ,会东
56684,26.42 ,103.28 ,2113.4 ,会泽
56688,26.10 ,103.17 ,1253.4 ,东川
56691,26.87 ,104.28 ,2236.2 ,威宁
56693,26.58 ,104.87 ,1813.6 ,水城
56697,26.22 ,104.08 ,1984.2 ,宣威
56739,25.02 ,98.50 ,1648.7 ,腾冲
56741,25.98 ,98.82 ,1803.7 ,泸水
56742,25.90 ,99.37 ,1658.2 ,云龙
56745,25.68 ,99.95 ,1627.1 ,漾濞
56746,25.47 ,99.52 ,1617.7 ,永平
56748,25.12 ,99.17 ,1655.1 ,保山
56751,25.70 ,100.18 ,1991.6 ,大理
56752,25.83 ,100.57 ,1440.1 ,宾川
56755,25.35 ,100.48 ,1661.1 ,弥度
56756,25.48 ,100.58 ,2003.9 ,祥云
56757,25.27 ,100.28 ,1743.8 ,巍山
56761,25.72 ,101.32 ,1879.6 ,大姚
56763,25.73 ,101.87 ,1121.1 ,元谋
56764,25.53 ,101.43 ,1874.6 ,姚安
56766,25.33 ,101.52 ,1769.3 ,牟定
56767,25.18 ,101.28 ,1858.5 ,南华
56768,25.02 ,101.53 ,1773.0 ,楚雄
56772,25.23 ,102.50 ,1693.2 ,富民
56774,25.53 ,102.42 ,1712.0 ,武定
56775,25.58 ,102.43 ,1672.1 ,禄功
56777,25.15 ,102.07 ,1569.7 ,禄丰
56778,25.02 ,102.68 ,1896.8 ,昆明
56779,25.12 ,102.72 ,1917.0 ,昆明农试站
56781,25.55 ,103.27 ,1874.1 ,寻甸
56782,25.42 ,103.55 ,2036.8 ,马龙
56783,25.50 ,103.80 ,1906.1 ,取靖
56785,25.33 ,103.03 ,1920.3 ,嵩明
56786,25.58 ,103.83 ,1900.1 ,沾益
56788,25.03 ,103.67 ,1845.0 ,陆良
56790,25.67 ,104.25 ,1852.9 ,富源
56792,25.78 ,104.97 ,1648.5 ,普安
56793,25.78 ,104.62 ,1516.9 ,盘县
56835,24.37 ,97.95 ,967.9 ,陇川
56836,24.70 ,97.95 ,827.8 ,盈江
56837,24.08 ,98.08 ,881.2 ,畹町镇
56838,24.02 ,97.85 ,776.4 ,瑞丽
56839,24.07 ,98.97 ,1008.8 ,镇康
56840,24.80 ,98.30 ,1013.3 ,梁河
56841,24.60 ,98.68 ,1528.9 ,龙陵
56842,24.73 ,99.18 ,1470.1 ,施甸
56843,24.83 ,99.62 ,1660.3 ,昌宁
56844,24.43 ,98.58 ,914.7 ,德宏州
56845,24.97 ,98.88 ,704.7 ,潞江坝
56846,24.60 ,99.90 ,1588.7 ,风庆
56849,24.15 ,99.23 ,1607.2 ,永德
56851,25.05 ,100.53 ,1405.8 ,南涧
56854,24.45 ,100.13 ,1107.6 ,云县
56856,24.47 ,100.87 ,1163.5 ,景东
56862,24.68 ,101.60 ,1968.6 ,双柏
56863,24.93 ,102.48 ,1847.0 ,安宁
56867,23.88 ,100.88 ,1248.2 ,镇源
56869,24.07 ,101.97 ,1495.2 ,新平
56870,24.67 ,102.17 ,1575.9 ,易门
56871,24.68 ,102.62 ,1892.2 ,晋宁
56872,24.95 ,102.62 ,2366.5 ,太华山
56873,24.67 ,102.90 ,1747.2 ,澄江
56875,24.35 ,102.55 ,1637.5 ,玉溪
56876,24.23 ,102.77 ,1731.7 ,江川
56878,24.12 ,102.75 ,1807.9 ,通海
56879,24.20 ,102.92 ,1610.3 ,华宁
56880,24.92 ,103.17 ,1532.9 ,宜良
56881,24.73 ,103.27 ,1680.7 ,路南
56882,24.88 ,102.80 ,1906.8 ,呈贡
56883,24.83 ,103.98 ,1846.2 ,师宗
56885,24.40 ,103.45 ,1415.9 ,弥勒
56886,24.53 ,103.77 ,1705.1 ,泸西
56889,24.05 ,104.18 ,1453.3 ,丘北
56891,24.85 ,104.32 ,1483.1 ,罗平
56898,24.18 ,102.40 ,1539.8 ,峨山
56944,23.15 ,99.27 ,1280.6 ,沧源
56946,23.55 ,99.40 ,1105.4 ,耿马
56948,22.73 ,99.45 ,1899.9 ,西盟
56949,22.33 ,99.62 ,951.0 ,孟连
56950,23.47 ,99.80 ,1042.6 ,双江
56951,23.95 ,100.22 ,1464.4 ,临沧
56952,23.50 ,100.70 ,914.0 ,景谷
56954,22.57 ,99.93 ,1054.4 ,澜沧
56956,21.58 ,100.67 ,627.6 ,大勐龙
56957,22.00 ,100.78 ,579.0 ,热作所
56958,21.92 ,100.42 ,1177.3 ,勐海
56959,22.00 ,100.80 ,553.6 ,景洪
56961,23.03 ,101.28 ,1321.4 ,普洱
56962,23.43 ,101.72 ,1282.6 ,墨江
56964,22.67 ,101.40 ,1302.9 ,思茅
56966,23.43 ,101.98 ,397.6 ,元江
56969,21.48 ,101.57 ,633.2 ,勐腊
56970,23.70 ,102.48 ,1419.9 ,石屏
56973,23.62 ,102.83 ,1310.0 ,建水
56975,23.37 ,102.43 ,971.9 ,红河
56976,23.17 ,102.75 ,1543.3 ,元阳
56977,22.58 ,101.85 ,1120.8 ,江城
56978,23.00 ,102.40 ,1645.3 ,绿春
56982,23.70 ,103.25 ,1055.7 ,开远
56984,23.38 ,103.15 ,1688.5 ,个旧
56985,23.38 ,103.38 ,1301.7 ,蒙自
56986,22.98 ,103.68 ,1412.1 ,屏边
56987,22.78 ,103.23 ,1261.0 ,金平
56989,22.50 ,103.95 ,137.9 ,河口
56991,23.62 ,104.33 ,1556.1 ,砚山
56992,23.45 ,104.68 ,1528.4 ,西畴
56994,23.38 ,104.25 ,1272.9 ,文山州
56995,23.03 ,104.42 ,1334.8 ,马关
56996,23.13 ,104.70 ,1092.4 ,麻栗坡
57001,34.75 ,105.33 ,1272.2 ,甘谷
57002,34.87 ,105.67 ,1225.8 ,泰安
57003,34.90 ,106.83 ,925.1 ,陇县
57004,34.73 ,104.88 ,1496.0 ,武山
57006,34.58 ,105.75 ,1142.6 ,天水
57007,34.18 ,105.18 ,1405.4 ,礼县
57008,34.03 ,105.30 ,1579.0 ,西和
57011,34.75 ,106.15 ,1378.6 ,清水
57012,34.98 ,106.20 ,1665.8 ,张家川
57014,34.55 ,105.88 ,1084.7 ,北道区
57016,34.35 ,107.13 ,610.3 ,宝鸡
57020,34.37 ,107.40 ,563.7 ,宝鸡县
57021,34.65 ,107.13 ,746.4 ,千阳
57022,34.68 ,107.78 ,1065.7 ,麟游
57023,35.03 ,108.10 ,841.3 ,彬县
57024,34.45 ,107.65 ,671.1 ,歧山
57025,34.52 ,107.38 ,781.8 ,凤翔
57026,34.40 ,107.90 ,583.7 ,扶风
57027,34.27 ,107.73 ,518.4 ,眉县
57028,34.03 ,107.32 ,1543.7 ,太白
57029,34.50 ,108.48 ,544.4 ,礼泉
57030,34.70 ,108.15 ,998.7 ,永寿
57031,34.82 ,108.55 ,1013.5 ,淳化
57032,34.10 ,108.20 ,434.0 ,周至
57033,34.55 ,108.82 ,428.3 ,泾阳
57034,34.25 ,108.22 ,449.1 ,武功
57035,34.55 ,108.23 ,636.7 ,乾县
57036,34.30 ,108.93 ,398.0 ,西安
57037,34.93 ,108.98 ,720.6 ,耀县
57038,34.28 ,108.28 ,411.5 ,兴平
57039,34.15 ,108.92 ,439.1 ,长安
57040,34.52 ,109.08 ,378.9 ,高陵
57041,34.60 ,108.78 ,422.6 ,三原
57042,34.78 ,109.18 ,473.2 ,富平
57043,34.87 ,109.93 ,368.9 ,大荔
57044,34.40 ,109.23 ,424.8 ,临潼
57045,34.52 ,109.48 ,349.4 ,渭南
57046,34.48 ,110.08 ,2064.9 ,华山
57047,34.17 ,109.32 ,541.5 ,兰田
57048,34.40 ,108.72 ,472.8 ,咸阳
57049,34.52 ,109.73 ,342.3 ,华县
57051,34.80 ,111.20 ,411.8 ,三门峡
57052,34.88 ,110.45 ,355.0 ,永济
57053,34.70 ,110.72 ,507.1 ,芮城
57054,34.55 ,110.57 ,556.6 ,潼关
57055,34.55 ,110.08 ,352.3 ,华阴
57056,34.53 ,110.85 ,473.1 ,灵宝
57057,34.10 ,111.48 ,959.9 ,洛南
57060,35.17 ,111.23 ,404.2 ,夏县
57061,34.85 ,111.20 ,443.5 ,平陆
57063,34.77 ,111.77 ,521.6 ,渑池
57065,34.50 ,112.18 ,196.4 ,宜阳
57066,34.38 ,111.67 ,329.7 ,洛宁
57067,34.05 ,111.03 ,569.9 ,卢氏
57070,34.72 ,112.15 ,257.8 ,新安
57071,34.83 ,112.43 ,324.6 ,孟津
57072,34.92 ,112.78 ,117.6 ,孟县
57073,34.63 ,112.47 ,137.9 ,洛阳
57074,34.42 ,112.42 ,198.2 ,伊川
57075,34.18 ,112.83 ,214.2 ,汝州
57076,34.72 ,112.82 ,116.5 ,偃师
57077,33.78 ,111.60 ,751.5 ,栾川
57078,34.15 ,112.47 ,307.8 ,汝阳
57079,34.95 ,113.10 ,108.5 ,温县
57080,34.73 ,112.97 ,166.0 ,巩县
57081,34.80 ,113.43 ,140.5 ,荥阳
57082,34.45 ,113.03 ,372.0 ,登封
57083,34.72 ,113.65 ,111.3 ,郑州
57085,34.52 ,113.37 ,289.3 ,密县
57086,34.40 ,113.73 ,111.9 ,新郑
57087,34.20 ,113.80 ,88.5 ,长葛
57088,34.15 ,113.50 ,117.2 ,禹州
57089,34.02 ,113.85 ,67.7 ,许昌
57090,34.72 ,114.02 ,82.1 ,中牟
57091,34.77 ,114.38 ,73.7 ,开封
57093,34.85 ,114.82 ,72.2 ,兰考
57094,34.40 ,114.20 ,67.5 ,尉氏
57095,34.08 ,114.20 ,60.4 ,鄢陵
57096,34.53 ,114.78 ,60.7 ,杞县
57097,34.82 ,113.67 ,80.8 ,郑州农试站
57098,34.08 ,114.40 ,59.3 ,扶沟
57099,34.07 ,114.85 ,53.6 ,太康
57102,33.75 ,105.72 ,970.5 ,成县
57105,33.33 ,105.60 ,1225.3 ,康县
57106,33.32 ,106.15 ,797.3 ,略阳
57110,33.78 ,106.08 ,927.5 ,徽县
57111,33.92 ,106.30 ,1041.0 ,两当
57113,33.95 ,106.60 ,1006.9 ,凤县
57119,33.17 ,106.70 ,548.0 ,勉县
57124,33.63 ,106.93 ,1031.6 ,留坝
57126,33.22 ,107.55 ,469.9 ,洋县
57127,33.07 ,107.03 ,509.3 ,汉中
57128,33.17 ,107.33 ,487.0 ,城固
57129,32.98 ,107.72 ,447.5 ,西乡
57132,34.12 ,108.62 ,415.0 ,户县
57134,33.53 ,107.98 ,1088.6 ,佛坪
57137,33.32 ,108.32 ,900.0 ,宁陕
57140,33.67 ,109.12 ,800.0 ,柞水
57143,33.87 ,109.97 ,743.8 ,商州
57144,33.43 ,109.15 ,693.6 ,镇安
57153,33.70 ,110.30 ,613.2 ,丹凤
57154,33.53 ,110.90 ,523.8 ,商南
57155,33.55 ,109.87 ,661.0 ,山阳
57156,33.30 ,111.50 ,252.0 ,西峡
57162,34.15 ,112.08 ,327.5 ,嵩县
57169,33.05 ,111.87 ,160.0 ,内乡
57171,33.72 ,113.28 ,85.6 ,平顶山
57173,33.75 ,112.88 ,146.9 ,鲁山
57175,33.05 ,112.23 ,194.1 ,镇平
57176,33.48 ,112.43 ,199.7 ,南召
57177,33.33 ,113.53 ,90.7 ,午钢工区
57178,33.03 ,112.58 ,130.7 ,南阳
57179,33.28 ,113.00 ,161.5 ,方城
57180,33.98 ,113.20 ,118.6 ,郏县
57181,33.88 ,113.05 ,137.5 ,宝丰
57182,33.85 ,113.50 ,81.4 ,襄城
57183,33.80 ,113.92 ,60.8 ,临颍
57184,33.60 ,113.65 ,86.7 ,叶县
57185,33.45 ,113.58 ,92.3 ,舞阳
57186,33.58 ,114.00 ,62.1 ,漯河
57187,33.07 ,112.93 ,123.4 ,社旗
57188,33.38 ,114.00 ,60.6 ,西平
57189,33.15 ,114.00 ,64.4 ,遂平
57190,33.75 ,114.40 ,51.9 ,黄泛区
57191,34.48 ,114.48 ,64.2 ,通许
57192,33.73 ,114.85 ,46.3 ,淮阳
57193,33.78 ,114.52 ,53.5 ,西华
57194,33.28 ,114.27 ,60.8 ,上蔡
57195,33.62 ,114.62 ,47.6 ,周口
57196,33.45 ,114.88 ,44.4 ,项城
57197,33.00 ,114.33 ,50.3 ,汝南
57198,33.55 ,114.62 ,47.3 ,商水
57204,32.58 ,105.23 ,820.8 ,青川
57206,32.60 ,105.85 ,488.2 ,广元
57208,32.02 ,105.47 ,535.4 ,剑阁
57211,32.83 ,106.25 ,855.2 ,宁强
57213,33.00 ,106.93 ,537.5 ,南郑
57216,32.35 ,106.83 ,578.9 ,南江
57217,32.23 ,106.28 ,485.3 ,旺苍
57231,32.53 ,108.53 ,505.9 ,紫阳
57232,33.05 ,108.27 ,485.0 ,石泉
57233,32.90 ,108.50 ,413.0 ,汉阴
57237,32.07 ,108.03 ,674.0 ,万源
57238,32.50 ,107.87 ,694.3 ,镇巴
57242,32.85 ,109.37 ,441.1 ,旬阳
57245,32.72 ,109.03 ,291.2 ,安康
57247,32.32 ,108.90 ,550.0 ,岚皋
57248,32.40 ,109.33 ,568.9 ,平利
57249,32.32 ,109.68 ,450.1 ,竹溪
57251,33.00 ,110.42 ,249.9 ,郧西
57253,32.85 ,110.82 ,204.0 ,郧县
57254,32.82 ,110.12 ,324.4 ,白河
57256,32.65 ,110.78 ,253.9 ,郧阳
57257,32.23 ,110.23 ,309.0 ,竹山
57259,32.03 ,110.77 ,427.1 ,房县
57260,32.57 ,111.52 ,135.8 ,丹江口
57261,33.13 ,111.50 ,196.2 ,淅川
57265,32.38 ,111.67 ,91.0 ,老河口
57268,32.27 ,111.63 ,87.8 ,谷城
57271,32.55 ,112.38 ,89.1 ,新野
57273,32.68 ,112.85 ,109.9 ,唐河
57274,32.70 ,112.08 ,112.7 ,邓州
57277,32.30 ,112.25 ,112.3 ,吕堰驿
57278,32.03 ,112.17 ,69.8 ,襄樊
57279,32.15 ,112.75 ,126.8 ,枣阳
57281,32.70 ,113.30 ,142.5 ,泌阳
57285,32.38 ,113.42 ,149.1 ,桐柏
57289,32.12 ,114.08 ,77.7 ,信阳地区农试站
57290,33.00 ,114.02 ,83.3 ,驻马店
57292,32.95 ,114.63 ,44.0 ,平玉
57293,32.73 ,114.98 ,39.1 ,新蔡
57294,32.80 ,114.03 ,85.5 ,确山
57295,32.62 ,114.35 ,79.7 ,正阳
57296,32.35 ,114.73 ,50.1 ,息县
57297,32.13 ,114.05 ,115.1 ,信阳
57298,32.22 ,114.55 ,56.1 ,罗山
57299,32.02 ,114.90 ,50.6 ,光山
57303,31.73 ,105.92 ,460.7 ,苍溪
57304,31.65 ,105.15 ,485.4 ,梓潼
57306,31.58 ,105.97 ,385.4 ,阆中
57307,31.10 ,105.08 ,379.0 ,三台
57308,31.22 ,105.38 ,421.7 ,盐亭
57309,30.98 ,105.88 ,362.4 ,西充
57313,31.85 ,106.77 ,360.0 ,巴中
57314,31.35 ,106.05 ,364.4 ,南部
57315,31.53 ,106.40 ,658.2 ,仪陇
57317,31.03 ,106.42 ,323.5 ,篷安
57318,31.07 ,106.55 ,337.0 ,营山
57320,31.93 ,107.23 ,404.7 ,通江
57324,31.57 ,107.10 ,377.3 ,平昌
57326,31.37 ,107.72 ,385.2 ,宣汉
57328,31.20 ,107.50 ,344.3 ,达川
57329,31.08 ,107.85 ,452.4 ,开江
57333,31.95 ,108.67 ,800.0 ,城口
57338,31.20 ,108.43 ,166.4 ,开县
57339,30.97 ,108.90 ,206.5 ,云阳
57343,31.90 ,109.53 ,994.5 ,镇坪
57345,31.40 ,109.62 ,339.8 ,巫溪
57348,31.05 ,109.50 ,608.3 ,奉节
57349,31.07 ,109.87 ,270.8 ,巫山
57355,31.07 ,110.40 ,295.6 ,巴东
57358,31.00 ,110.68 ,151.5 ,秭归
57359,31.23 ,110.77 ,275.6 ,兴山
57361,31.88 ,111.27 ,330.2 ,保康
57362,31.75 ,110.67 ,937.2 ,神农架
57363,31.77 ,111.83 ,108.3 ,南漳
57368,31.07 ,111.63 ,116.0 ,运安
57370,31.72 ,112.23 ,67.3 ,宜城
57377,31.05 ,112.20 ,112.3 ,荆门
57378,31.17 ,112.57 ,66.2 ,钟祥
57381,31.72 ,113.38 ,97.5 ,隋州
57385,31.62 ,118.65 ,94.6 ,广水
57387,31.02 ,113.12 ,68.5 ,京山
57388,31.27 ,113.70 ,53.7 ,安陆
57389,31.03 ,113.75 ,33.5 ,云梦
57390,31.80 ,114.07 ,700.0 ,鸡公山
57395,31.57 ,114.12 ,71.8 ,大悟
57396,31.63 ,114.85 ,130.8 ,新县
57398,31.28 ,114.62 ,75.5 ,红安
57399,31.18 ,115.02 ,59.0 ,麻城
57401,30.87 ,105.38 ,332.4 ,射洪
57402,30.77 ,105.70 ,395.3 ,篷溪
57405,30.50 ,105.58 ,279.5 ,遂宁
57407,30.28 ,105.03 ,461.6 ,乐至
57408,30.12 ,105.35 ,335.6 ,安岳
57409,30.18 ,105.83 ,248.1 ,潼南
57411,30.78 ,106.10 ,309.7 ,南充
57413,30.85 ,106.97 ,295.9 ,渠县
57414,30.55 ,106.45 ,379.7 ,岳池
57415,30.47 ,106.62 ,310.0 ,广安
57416,30.33 ,106.93 ,357.0 ,邻水
57417,30.35 ,106.28 ,315.1 ,武胜
57420,30.75 ,107.20 ,397.1 ,大竹
57425,30.33 ,107.35 ,418.2 ,垫江
57426,30.68 ,107.80 ,459.4 ,梁平
57431,30.83 ,108.35 ,256.8 ,万县
57432,30.77 ,108.40 ,188.8 ,万县市
57437,30.30 ,108.03 ,232.2 ,忠县
57438,30.00 ,108.12 ,569.5 ,石柱
57439,30.28 ,108.93 ,1072.5 ,利川
57445,30.60 ,109.72 ,612.1 ,建始
57447,30.28 ,109.47 ,458.0 ,鄂西
57451,30.78 ,110.23 ,1817.9 ,绿葱坡
57453,30.77 ,111.32 ,116.8 ,宜昌县
57458,30.20 ,110.65 ,617.8 ,五峰
57460,30.82 ,111.78 ,91.5 ,当阳
57461,30.70 ,111.30 ,134.3 ,宜昌
57462,30.87 ,111.08 ,100.0 ,三峡
57464,30.47 ,111.18 ,144.2 ,长阳
57465,30.38 ,111.45 ,71.6 ,枝城
57466,30.43 ,111.75 ,50.7 ,枝江
57469,30.18 ,111.77 ,67.2 ,松滋
57474,30.35 ,112.15 ,35.5 ,江陵
57475,30.42 ,112.88 ,33.0 ,潜江
57476,30.33 ,112.18 ,33.7 ,荆州
57477,30.07 ,112.22 ,38.7 ,公安
57481,30.95 ,113.57 ,31.5 ,应城
57482,30.90 ,113.95 ,26.1 ,孝感
57483,30.67 ,113.17 ,35.0 ,天门
57485,30.37 ,113.43 ,29.7 ,仙桃
57486,30.65 ,113.85 ,25.9 ,汉川
57489,30.58 ,114.00 ,39.4 ,汉阳
57491,30.87 ,114.40 ,31.6 ,黄陂
57492,30.85 ,114.80 ,36.0 ,新州
57493,30.35 ,114.32 ,38.2 ,武昌
57494,30.62 ,114.13 ,27.0 ,武汉
57496,30.40 ,114.88 ,22.1 ,鄂州
57498,30.45 ,114.88 ,41.2 ,黄冈
57499,30.10 ,114.97 ,38.2 ,大冶
57502,29.70 ,105.70 ,393.6 ,大足
57503,29.62 ,105.12 ,349.5 ,内江县
57504,29.58 ,105.05 ,352.4 ,内江
57505,29.42 ,105.60 ,330.0 ,荣昌
57506,29.37 ,105.88 ,319.6 ,永川
57507,29.33 ,105.30 ,374.2 ,隆昌
57508,28.98 ,105.45 ,322.2 ,泸县
57509,28.95 ,106.93 ,325.7 ,南桐
57510,29.85 ,106.05 ,282.1 ,铜梁
57511,29.85 ,106.45 ,242.9 ,北碚
57512,29.97 ,106.28 ,231.1 ,合川
57513,29.72 ,106.63 ,438.0 ,江北
57514,29.58 ,106.23 ,289.2 ,璧山
57516,29.58 ,106.47 ,260.4 ,重庆
57517,29.28 ,106.28 ,209.0 ,江津
57518,29.38 ,106.52 ,205.1 ,巴县
57519,29.15 ,107.08 ,559.5 ,南川
57520,29.83 ,107.07 ,379.0 ,长寿
57522,29.75 ,107.42 ,274.1 ,涪陵
57523,29.87 ,107.68 ,214.8 ,丰都
57525,29.32 ,107.75 ,406.4 ,武隆
57536,29.53 ,108.78 ,608.8 ,黔江
57537,29.30 ,108.17 ,321.5 ,彭水
57540,29.68 ,109.15 ,776.9 ,咸丰
57541,30.00 ,109.48 ,533.4 ,宣恩
57543,29.90 ,110.03 ,538.2 ,鹤峰
57544,29.47 ,109.45 ,486.9 ,龙山
57545,29.52 ,109.42 ,460.4 ,来风
57554,29.40 ,110.17 ,322.2 ,桑植
57558,29.13 ,110.47 ,18.5 ,大庸
57562,29.58 ,111.37 ,115.0 ,石门
57564,29.43 ,111.13 ,100.3 ,慈利
57565,29.65 ,111.75 ,39.6 ,澧县
57566,29.45 ,111.65 ,50.7 ,临澧
57571,29.70 ,112.38 ,36.7 ,石首
57573,29.83 ,112.90 ,30.6 ,监利
57574,29.37 ,112.40 ,35.4 ,南县
57575,29.52 ,112.57 ,32.5 ,华容
57577,29.40 ,112.17 ,37.5 ,安乡
57581,29.82 ,113.45 ,27.5 ,洪湖
57582,29.72 ,113.88 ,47.4 ,蒲圻
57583,29.98 ,113.92 ,36.3 ,嘉鱼
57584,29.38 ,113.08 ,53.6 ,岳阳
57585,29.48 ,113.45 ,55.1 ,临湖
57586,29.53 ,114.03 ,79.3 ,崇阳
57589,29.25 ,113.80 ,100.3 ,通城
57590,29.83 ,114.33 ,62.4 ,咸宁
57595,29.60 ,114.50 ,73.5 ,通山
57598,29.03 ,114.58 ,147.4 ,修水
57600,28.73 ,105.07 ,274.7 ,江安
57602,28.88 ,105.43 ,335.0 ,泸州
57603,28.82 ,105.83 ,365.6 ,合江
57605,28.03 ,105.82 ,537.7 ,古蔺
57606,28.13 ,106.83 ,972.0 ,桐梓
57608,28.17 ,105.43 ,379.2 ,叙永
57609,28.58 ,105.70 ,294.3 ,赤水
57612,29.02 ,106.65 ,252.7 ,綦江
57614,28.33 ,106.22 ,1181.3 ,习水
57622,28.95 ,107.15 ,1906.9 ,金佛山
57623,28.88 ,107.60 ,687.1 ,道真
57625,28.55 ,107.45 ,680.4 ,正安
57633,28.83 ,108.77 ,665.8 ,酉阳
57634,28.52 ,107.88 ,660.0 ,务川
57635,28.45 ,108.98 ,363.6 ,秀山
57636,28.57 ,108.50 ,336.7 ,沿河
57637,28.25 ,108.12 ,541.0 ,德江
57640,28.58 ,109.45 ,341.8 ,花垣
57642,28.70 ,109.63 ,323.5 ,保靖
57643,29.00 ,109.83 ,268.6 ,永顺
57646,28.62 ,109.95 ,301.8 ,古丈
57647,28.15 ,109.18 ,406.9 ,松桃
57649,28.32 ,109.73 ,204.4 ,吉首
57655,28.47 ,110.40 ,152.3 ,沅陵
57657,28.28 ,110.15 ,132.0 ,泸溪
57658,28.02 ,110.20 ,140.8 ,辰溪
57661,28.92 ,111.48 ,47.3 ,桃源
57662,29.05 ,111.68 ,34.6 ,常德
57663,28.92 ,111.95 ,31.9 ,汉寿
57666,28.52 ,112.13 ,49.3 ,桃江
57669,28.38 ,111.22 ,129.4 ,安化
57671,28.85 ,112.37 ,35.5 ,沅江
57673,28.68 ,112.88 ,54.6 ,湘阴
57674,28.57 ,112.38 ,46.3 ,益阳
57678,28.25 ,112.55 ,73.0 ,宁乡
57679,28.20 ,113.08 ,45.7 ,长沙
57680,28.80 ,113.07 ,46.7 ,汩罗
57682,28.72 ,113.58 ,105.5 ,平江
57687,28.22 ,112.92 ,65.5 ,长沙
57688,28.15 ,113.63 ,97.4 ,浏阳
57694,28.53 ,114.38 ,256.2 ,铜鼓
57696,28.40 ,114.78 ,88.4 ,宜丰
57698,28.12 ,114.45 ,99.5 ,万载
57699,28.23 ,114.92 ,66.6 ,上高
57707,27.30 ,105.28 ,1514.4 ,毕节
57708,27.15 ,105.60 ,1704.0 ,大方
57710,27.82 ,106.42 ,878.6 ,仁怀
57713,27.70 ,106.88 ,844.9 ,遵义
57714,27.47 ,106.23 ,922.0 ,金沙
57717,27.53 ,106.82 ,950.8 ,遵义县
57718,27.10 ,106.73 ,1036.5 ,息烽
57719,27.07 ,106.97 ,1277.2 ,开阳
57720,27.95 ,107.17 ,865.2 ,绥阳
57722,27.77 ,107.47 ,792.8 ,湄潭
57723,27.98 ,107.72 ,711.3 ,凤冈
57728,27.07 ,107.47 ,1094.6 ,瓮安
57729,27.23 ,107.88 ,556.5 ,余庆
57730,27.75 ,108.18 ,386.1 ,圹头
57731,27.95 ,108.25 ,417.7 ,思南
57732,28.02 ,108.40 ,456.9 ,印江
57734,27.57 ,108.23 ,467.5 ,石阡
57735,27.23 ,108.72 ,380.9 ,岑巩
57736,27.70 ,108.85 ,370.2 ,江口
57737,27.03 ,108.13 ,524.4 ,施秉
57738,27.05 ,108.42 ,512.2 ,振远
57739,27.23 ,108.88 ,375.3 ,玉屏
57740,27.95 ,109.60 ,349.6 ,凤凰
57741,27.72 ,109.18 ,280.5 ,铜仁
57742,27.52 ,109.20 ,883.4 ,万山
57743,27.88 ,109.80 ,173.9 ,麻阳
57744,27.37 ,109.17 ,352.6 ,新晃
57745,27.45 ,109.68 ,272.9 ,芷江
57746,27.55 ,109.97 ,250.4 ,怀化县
57749,27.57 ,110.00 ,261.0 ,怀化
57752,27.92 ,110.60 ,205.3 ,溆浦
57754,27.35 ,110.15 ,170.7 ,黔阳
57758,27.07 ,111.58 ,323.0 ,洞口
57760,29.70 ,111.43 ,247.7 ,冷水江
57761,27.75 ,111.30 ,213.4 ,新化
57762,27.70 ,111.68 ,149.4 ,涟源
57763,27.73 ,112.00 ,151.0 ,娄底
57766,27.23 ,111.47 ,248.2 ,邵阳
57767,27.12 ,111.03 ,267.7 ,隆回
57768,27.32 ,111.45 ,241.4 ,新邵
57769,27.23 ,111.73 ,253.3 ,邵东
57771,27.93 ,112.53 ,89.5 ,韶山
57772,27.75 ,112.50 ,84.9 ,湘乡
57773,27.87 ,112.82 ,63.9 ,湘潭
57774,27.45 ,112.17 ,98.4 ,双峰
57776,37.40 ,122.68 ,47.5 ,成山头
57777,27.23 ,112.87 ,62.0 ,衡山
57778,27.10 ,112.95 ,67.3 ,衡东
57779,27.00 ,113.35 ,100.8 ,攸县
57780,27.87 ,113.17 ,72.9 ,株洲
57781,27.65 ,113.50 ,74.9 ,醴陵
57782,27.72 ,113.15 ,71.3 ,株洲县
57786,27.65 ,113.85 ,110.0 ,萍乡
57789,27.13 ,113.95 ,181.4 ,莲花
57792,27.82 ,114.68 ,96.1 ,分宜
57793,27.80 ,114.38 ,128.2 ,宜春
57796,27.80 ,114.93 ,79.0 ,新余
57797,27.05 ,114.92 ,65.0 ,吉安县
57798,27.40 ,114.60 ,85.7 ,安福
57799,27.12 ,114.97 ,78.0 ,吉安
57800,26.77 ,105.37 ,1458.1 ,纳雍
57803,27.03 ,106.02 ,1252.5 ,黔西
57805,26.68 ,105.77 ,1319.3 ,织金
57806,26.25 ,105.92 ,1394.1 ,安顺
57807,26.23 ,105.45 ,1362.1 ,六枝
57808,26.32 ,105.75 ,1243.6 ,普定
57809,26.05 ,105.77 ,1275.0 ,镇宁
57811,26.85 ,106.60 ,1242.3 ,修文
57813,26.57 ,106.47 ,1262.5 ,清镇
57814,26.42 ,106.27 ,1297.4 ,平坝
57816,26.58 ,106.72 ,1074.3 ,贵阳
57818,26.03 ,106.45 ,1141.0 ,长顺
57821,26.40 ,107.50 ,926.0 ,福泉
57822,26.90 ,107.90 ,833.8 ,黄平
57823,27.00 ,107.78 ,684.6 ,黄平县旧州
57824,26.58 ,107.23 ,1001.9 ,贵定
57825,26.60 ,107.98 ,722.6 ,凯里
57826,26.65 ,107.78 ,917.4 ,炉山
57827,26.27 ,107.52 ,785.7 ,都匀
57828,26.50 ,107.58 ,984.7 ,麻江
57829,26.20 ,107.80 ,963.9 ,丹寨
57832,26.97 ,108.67 ,611.0 ,三穗
57834,26.68 ,108.30 ,643.1 ,台江
57835,26.48 ,108.63 ,508.2 ,剑河
57837,26.40 ,108.07 ,838.5 ,雷山
57839,26.23 ,109.15 ,568.8 ,黎平
57840,26.90 ,109.20 ,400.0 ,天柱
57841,26.57 ,109.67 ,320.6 ,靖州
57842,26.88 ,109.68 ,278.2 ,会同
57844,26.68 ,109.18 ,343.9 ,锦屏
57845,26.17 ,109.78 ,396.9 ,通道
57846,26.58 ,110.15 ,306.3 ,绥宁
57851,26.45 ,110.85 ,304.0 ,新宁
57853,26.73 ,110.63 ,340.1 ,武冈
57857,26.37 ,111.52 ,475.8 ,城步
57859,26.03 ,110.63 ,409.0 ,资源
57860,27.00 ,111.27 ,277.6 ,邵阳县
57865,26.42 ,111.57 ,109.6 ,冷水滩
57866,26.23 ,111.62 ,173.2 ,零陵
57867,26.40 ,111.28 ,167.9 ,东安
57868,26.60 ,111.87 ,112.4 ,祁阳
57870,26.80 ,112.10 ,147.1 ,祁东
57871,26.98 ,112.37 ,91.0 ,衡阳县
57872,26.90 ,112.60 ,102.8 ,衡阳
57874,26.42 ,112.40 ,116.4 ,常宁
57875,26.88 ,112.50 ,69.7 ,衡南
57876,26.40 ,112.85 ,83.2 ,耒阳
57881,26.72 ,113.25 ,101.7 ,安仁
57882,26.78 ,113.55 ,133.6 ,茶陵
57883,26.72 ,113.97 ,259.2 ,宁冈
57886,26.50 ,113.78 ,226.5 ,县
57887,26.13 ,113.12 ,121.7 ,永兴
57889,26.08 ,113.95 ,833.6 ,桂东
57891,26.93 ,114.25 ,144.6 ,永新
57894,26.58 ,114.17 ,838.1 ,井冈山
57895,26.47 ,114.67 ,96.8 ,万安
57896,26.33 ,114.50 ,125.3 ,遂川
57899,26.80 ,114.92 ,61.8 ,泰和
57900,25.83 ,105.22 ,1553.6 ,晴隆
57902,25.43 ,105.18 ,1379.3 ,兴仁
57903,25.93 ,105.60 ,1085.5 ,关岭
57905,25.40 ,105.63 ,1041.0 ,贞丰
57906,25.18 ,106.08 ,567.0 ,望谟
57907,25.08 ,104.90 ,1296.6 ,兴义
57908,25.12 ,105.48 ,1393.5 ,安龙
57909,24.98 ,105.82 ,581.4 ,册亨
57910,25.77 ,106.08 ,1195.9 ,紫云
57911,26.68 ,106.62 ,1281.1 ,白云
57912,26.17 ,106.67 ,988.9 ,惠水
57913,26.45 ,106.98 ,1088.1 ,龙里
57914,26.42 ,106.67 ,1096.2 ,花溪
57915,26.63 ,106.77 ,1105.2 ,乌当
57916,25.43 ,106.77 ,441.5 ,罗甸
57921,25.83 ,107.32 ,709.2 ,平塘
57922,25.83 ,107.55 ,1012.3 ,独山
57923,25.98 ,107.87 ,419.0 ,三都
57926,25.42 ,107.88 ,429.5 ,荔波
57927,25.00 ,107.17 ,246.4 ,天峨
57932,25.97 ,108.53 ,287.4 ,榕江
57936,25.58 ,108.90 ,235.0 ,从江
57941,25.78 ,109.60 ,198.4 ,三江
57942,25.80 ,110.00 ,269.0 ,龙胜
57947,25.22 ,109.40 ,122.1 ,融安
57948,25.08 ,109.25 ,123.4 ,融水
57949,24.98 ,110.00 ,157.0 ,永福
57954,25.23 ,110.18 ,157.8 ,临桂
57955,25.62 ,110.67 ,224.0 ,兴安
57956,25.42 ,110.32 ,169.0 ,灵川
57957,25.32 ,110.30 ,166.2 ,桂林
57958,25.08 ,110.32 ,171.6 ,桂林农试站
57960,25.93 ,111.07 ,196.7 ,全州
57962,25.97 ,111.65 ,162.5 ,双牌
57964,25.50 ,111.15 ,259.2 ,灌阳
57965,25.53 ,111.60 ,191.0 ,道县
57966,25.60 ,111.95 ,203.7 ,宁远
57969,25.27 ,111.33 ,227.4 ,江永
57971,25.92 ,112.20 ,217.7 ,新田
57972,25.80 ,113.03 ,183.8 ,郴州
57973,25.75 ,112.72 ,327.6 ,桂阳
57974,25.58 ,112.37 ,213.3 ,嘉禾
57975,25.38 ,112.20 ,275.4 ,兰山
57976,25.42 ,112.95 ,222.9 ,宜章
57978,25.28 ,112.55 ,292.0 ,临武
57980,25.93 ,113.18 ,135.6 ,桥口
57981,25.97 ,113.40 ,363.7 ,资兴
57985,25.57 ,113.68 ,607.9 ,汝城
57988,25.15 ,113.35 ,103.4 ,乐昌
57989,25.10 ,113.73 ,97.8 ,仁化
57990,25.70 ,114.30 ,247.2 ,崇义
57991,25.80 ,114.55 ,140.8 ,上犹
57992,25.67 ,114.75 ,127.0 ,南康
57993,25.85 ,114.95 ,124.7 ,赣州
57994,25.40 ,114.35 ,213.7 ,大余
57995,25.40 ,114.93 ,163.5 ,信丰
57996,25.13 ,114.32 ,134.9 ,南雄
58001,34.43 ,115.10 ,57.1 ,睢县
58002,34.82 ,115.55 ,50.0 ,曹县
58003,34.95 ,115.88 ,45.1 ,成武
58004,34.65 ,115.15 ,61.0 ,民权
58005,34.45 ,115.67 ,51.0 ,商丘
58006,34.38 ,115.88 ,47.2 ,虞城
58007,34.07 ,115.30 ,48.2 ,柘城
58008,34.47 ,115.33 ,55.4 ,宁陵
58009,34.38 ,115.58 ,50.6 ,商丘县
58010,34.25 ,116.13 ,41.2 ,夏邑
58011,34.80 ,116.07 ,44.3 ,单县
58012,34.68 ,116.58 ,40.6 ,丰县
58013,34.72 ,116.92 ,36.7 ,沛县
58015,34.42 ,116.33 ,50.9 ,砀山
58016,34.18 ,116.97 ,39.2 ,肖县
58020,34.85 ,117.13 ,40.5 ,微山
58021,34.78 ,117.25 ,45.5 ,薛城
58022,34.77 ,117.80 ,48.8 ,峄城
58024,34.87 ,117.58 ,74.8 ,枣庄
58025,34.57 ,117.73 ,32.3 ,台儿庄
58026,34.30 ,117.85 ,24.0 ,邳县
58027,34.28 ,117.15 ,41.9 ,徐州
58028,34.28 ,117.15 ,100.0 ,徐州农试站
58030,34.90 ,118.10 ,50.3 ,苍山
58032,34.93 ,118.65 ,62.7 ,临沭
58034,34.62 ,118.37 ,38.4 ,郯城
58035,34.35 ,118.35 ,29.4 ,新沂
58036,34.52 ,118.73 ,35.2 ,东海
58038,34.10 ,118.75 ,8.8 ,沭阳
58040,34.83 ,119.12 ,9.8 ,赣榆
58041,34.78 ,119.43 ,22.0 ,西连岛
58044,34.58 ,119.17 ,4.1 ,连云港
58045,34.22 ,119.60 ,4.0 ,响水
58046,34.48 ,119.78 ,5.0 ,燕尾港
58047,34.30 ,119.23 ,5.0 ,灌云
58048,34.10 ,119.35 ,6.0 ,灌南
58049,34.03 ,119.82 ,4.5 ,滨海
58100,33.63 ,115.18 ,42.4 ,郸城
58101,33.88 ,115.48 ,41.2 ,鹿邑
58102,33.87 ,115.77 ,41.8 ,毫州
58104,33.40 ,115.07 ,42.0 ,沈丘
58107,33.07 ,115.38 ,36.5 ,临泉
58108,33.27 ,115.35 ,38.7 ,界首
58109,33.17 ,115.72 ,34.0 ,太和
58111,33.93 ,116.38 ,32.7 ,永城
58113,33.93 ,116.78 ,32.3 ,濉汐
58114,33.50 ,116.20 ,31.2 ,涡阳
58116,33.98 ,116.82 ,34.2 ,淮北
58117,33.15 ,116.20 ,32.1 ,利辛
58118,33.28 ,116.53 ,27.5 ,蒙城
58122,33.63 ,116.98 ,36.7 ,宿县
58125,33.55 ,117.55 ,28.1 ,灵壁
58126,33.47 ,117.87 ,20.6 ,泗县
58127,32.97 ,117.20 ,23.2 ,怀远
58128,33.30 ,117.32 ,23.6 ,固镇
58129,33.13 ,117.88 ,21.0 ,五河
58130,33.88 ,117.92 ,23.5 ,睢宁
58131,33.95 ,118.23 ,28.1 ,宿迁
58132,33.70 ,118.72 ,15.6 ,泗阳
58135,33.45 ,118.22 ,17.0 ,泗洪
58138,32.98 ,118.52 ,36.3 ,盱眙
58139,33.30 ,118.85 ,19.6 ,洪泽
58140,33.78 ,119.27 ,10.2 ,涟水
58141,33.67 ,119.03 ,14.5 ,淮阴县
58143,33.80 ,119.80 ,3.1 ,阜宁
58144,33.60 ,119.03 ,18.6 ,淮阴（清江）
58145,33.53 ,119.17 ,8.3 ,淮安
58146,33.48 ,119.82 ,3.4 ,建湖
58147,33.03 ,119.03 ,10.9 ,金湖
58148,33.23 ,119.30 ,8.4 ,宝应
58150,33.77 ,120.25 ,6.7 ,射阳
58151,33.38 ,120.13 ,3.4 ,盐城
58154,33.38 ,120.15 ,3.1 ,盐城郊区
58158,33.20 ,120.48 ,7.3 ,大丰
58202,32.63 ,115.58 ,35.7 ,阜南
58203,32.92 ,115.82 ,38.6 ,阜阳
58205,32.45 ,115.42 ,34.8 ,淮滨
58207,32.15 ,115.03 ,42.9 ,潢川
58208,32.17 ,115.67 ,57.9 ,固始
58210,32.57 ,116.22 ,25.5 ,颍上
58212,32.72 ,116.70 ,27.3 ,凤台
58214,32.33 ,116.28 ,36.9 ,霍邱
58215,32.55 ,116.78 ,23.5 ,寿县
58220,32.47 ,117.15 ,30.0 ,长丰
58221,32.95 ,117.38 ,26.0 ,蚌埠
58222,32.87 ,117.55 ,28.0 ,凤阳
58223,32.78 ,117.98 ,35.6 ,加山
58224,32.65 ,117.02 ,36.9 ,淮南
58225,32.53 ,117.67 ,76.7 ,定远
58230,32.10 ,118.27 ,38.2 ,全椒
58234,32.45 ,118.42 ,46.4 ,来安
58235,32.35 ,118.83 ,14.1 ,六合
58236,32.30 ,118.30 ,32.9 ,滁县
58237,32.05 ,118.62 ,9.8 ,江浦
58238,32.00 ,118.80 ,12.5 ,南京
58239,32.38 ,119.40 ,11.1 ,邗江
58240,32.68 ,119.02 ,21.0 ,天长
58241,32.80 ,119.45 ,10.0 ,高邮
58242,32.28 ,119.17 ,14.9 ,仪征
58243,32.93 ,119.83 ,7.3 ,兴化
58244,32.45 ,119.57 ,10.3 ,江都
58245,32.42 ,119.42 ,14.7 ,扬州
58246,32.50 ,119.93 ,6.6 ,泰州
58247,32.25 ,119.82 ,5.8 ,扬中
58248,32.25 ,119.47 ,26.0 ,镇江
58249,32.20 ,120.00 ,7.0 ,泰兴
58250,32.52 ,120.15 ,6.3 ,泰县
58251,32.87 ,120.32 ,5.1 ,东台
58252,32.18 ,119.47 ,28.8 ,丹徒
58254,32.53 ,120.45 ,5.2 ,海安
58255,32.38 ,120.57 ,5.8 ,如皋
58257,32.00 ,120.27 ,8.5 ,靖江
58259,32.02 ,120.85 ,5.8 ,南通
58264,32.33 ,121.18 ,4.6 ,如东
58265,32.07 ,121.60 ,9.6 ,吕泗
58266,32.13 ,121.62 ,100.0 ,吕泗
58268,32.10 ,121.08 ,5.4 ,南通县
58269,31.80 ,121.67 ,8.7 ,启东
58301,31.80 ,115.38 ,79.1 ,商城
58305,31.52 ,115.62 ,178.8 ,南溪
58306,31.68 ,115.88 ,94.0 ,金寨
58311,31.75 ,116.50 ,60.4 ,六安
58314,31.40 ,116.32 ,72.7 ,霍山
58316,31.47 ,116.95 ,29.4 ,舒城
58317,30.87 ,116.37 ,431.0 ,岳西
58319,31.07 ,116.95 ,81.8 ,桐城
58320,31.73 ,117.13 ,22.7 ,肥西
58321,31.87 ,117.23 ,36.5 ,合肥
58323,31.88 ,117.47 ,26.9 ,肥东
58326,31.95 ,117.87 ,23.6 ,巢湖
58327,31.25 ,117.28 ,21.5 ,庐江
58329,31.32 ,117.90 ,21.1 ,无为
58330,31.72 ,118.12 ,18.5 ,含山
58331,31.73 ,118.37 ,23.2 ,和县
58333,31.95 ,118.85 ,24.4 ,江宁
58334,31.33 ,118.38 ,16.5 ,芜湖
58335,31.57 ,118.50 ,13.6 ,当涂
58336,31.70 ,118.52 ,20.1 ,马鞍山
58337,31.08 ,118.18 ,27.3 ,繁昌
58338,31.15 ,118.58 ,20.3 ,芜湖县
58339,31.32 ,118.88 ,15.3 ,高淳
58340,31.67 ,119.03 ,17.5 ,溧水
58341,31.98 ,119.58 ,9.3 ,丹阳
58342,31.75 ,119.55 ,10.1 ,金坛
58343,31.77 ,119.93 ,5.8 ,常州
58344,31.95 ,119.17 ,27.1 ,句容
58345,31.43 ,119.48 ,8.1 ,溧阳
58346,31.37 ,119.82 ,7.7 ,宜兴
58349,31.27 ,120.63 ,5.6 ,吴县
58351,31.88 ,120.27 ,9.7 ,江阴
58352,31.65 ,120.73 ,5.4 ,常熟
58353,31.87 ,120.55 ,7.5 ,张家港
58354,31.58 ,120.32 ,11.4 ,无锡
58356,31.42 ,120.95 ,8.6 ,昆山
58357,31.32 ,120.63 ,10.7 ,苏州
58358,31.07 ,120.43 ,18.7 ,吴县东山
58359,31.15 ,120.63 ,9.0 ,吴江
58360,31.90 ,121.20 ,5.5 ,海门
58361,31.12 ,121.38 ,9.1 ,上海县
58362,31.40 ,121.48 ,8.2 ,上海
58364,31.20 ,121.70 ,8.8 ,川沙
58365,31.38 ,121.25 ,8.2 ,嘉定
58366,31.62 ,121.45 ,8.9 ,崇明
58367,31.17 ,121.43 ,7.0 ,龙华
58369,31.05 ,121.77 ,8.7 ,南汇
58374,31.50 ,121.80 ,10.6 ,陈家镇
58376,31.12 ,122.20 ,10.1 ,引水船
58377,31.47 ,121.10 ,6.3 ,太仓
58401,30.78 ,115.40 ,103.6 ,罗山
58402,30.73 ,115.67 ,125.9 ,英山
58404,30.45 ,115.25 ,46.8 ,浠水
58407,30.25 ,115.05 ,20.6 ,黄石
58408,30.23 ,115.43 ,31.7 ,蕲春县
58409,30.07 ,115.93 ,23.8 ,黄梅
58414,30.43 ,116.28 ,38.8 ,太湖
58415,30.63 ,116.58 ,35.8 ,潜山
58416,30.42 ,116.65 ,16.6 ,怀宁
58417,30.17 ,116.13 ,53.5 ,宿松
58418,30.13 ,116.70 ,20.8 ,望江
58419,30.10 ,117.02 ,23.0 ,东至
58420,30.72 ,117.22 ,34.9 ,枞阳
58421,30.63 ,117.87 ,32.7 ,青阳
58423,30.48 ,117.78 ,643.2 ,九华山
58424,30.53 ,117.05 ,19.6 ,安庆
58426,30.30 ,118.13 ,194.8 ,太平
58427,30.67 ,117.48 ,39.4 ,贵池
58428,30.28 ,117.48 ,65.0 ,石台
58429,30.97 ,117.78 ,37.8 ,铜陵
58431,30.85 ,118.32 ,13.9 ,南陵
58432,30.68 ,118.40 ,36.6 ,泾县
58433,30.93 ,118.75 ,34.0 ,宣城
58435,30.30 ,118.53 ,218.4 ,旌德
58436,30.62 ,118.98 ,89.0 ,宁国
58437,30.13 ,118.15 ,1836.3 ,黄山
58438,30.08 ,118.58 ,193.4 ,绩溪
58441,30.88 ,119.42 ,46.8 ,广德
58442,31.13 ,119.18 ,16.7 ,郎汐
58443,30.98 ,119.88 ,8.2 ,长兴
58445,30.35 ,119.42 ,1502.9 ,天目山
58446,30.63 ,119.68 ,21.6 ,安吉
58447,30.17 ,119.22 ,167.1 ,昌化
58448,30.23 ,119.70 ,42.6 ,临安
58449,30.05 ,119.95 ,11.0 ,富阳
58450,30.85 ,120.08 ,4.1 ,湖州
58451,30.85 ,120.90 ,4.4 ,嘉善
58452,30.78 ,120.73 ,6.0 ,嘉兴
58453,30.00 ,120.63 ,8.0 ,绍兴
58454,30.53 ,120.07 ,31.0 ,德清
58455,30.52 ,120.68 ,11.1 ,海宁
58456,30.63 ,120.53 ,11.2 ,桐乡
58457,30.23 ,120.17 ,43.2 ,杭州
58458,30.52 ,120.93 ,5.7 ,海盐
58459,30.20 ,120.32 ,9.4 ,萧山
58460,30.90 ,121.17 ,8.6 ,金山
58461,31.15 ,121.12 ,7.6 ,青浦
58462,31.00 ,121.25 ,8.5 ,松江
58463,30.93 ,121.45 ,9.3 ,奉贤
58464,30.62 ,121.08 ,10.9 ,平湖
58467,30.20 ,121.27 ,8.1 ,慈溪
58468,30.07 ,121.15 ,13.0 ,余姚
58472,30.73 ,122.45 ,81.2 ,嵊泗
58473,30.73 ,122.82 ,123.5 ,嵊山
58477,30.03 ,122.10 ,36.6 ,定海
58484,30.25 ,122.18 ,18.1 ,岱山
58500,29.85 ,115.20 ,47.0 ,阳新
58501,29.85 ,115.55 ,20.1 ,武穴
58502,29.73 ,116.00 ,37.1 ,九江
58503,29.68 ,115.67 ,22.8 ,瑞昌
58506,29.58 ,115.98 ,1165.3 ,庐山
58507,29.28 ,115.10 ,76.5 ,武安
58508,29.33 ,115.77 ,42.9 ,德安
58509,29.05 ,115.82 ,36.8 ,永修
58510,29.73 ,116.23 ,40.9 ,湖口
58512,29.90 ,116.55 ,25.1 ,彭泽
58514,29.45 ,116.05 ,35.6 ,星子
58517,29.27 ,116.20 ,35.9 ,都昌
58518,29.08 ,116.37 ,23.4 ,棠荫
58519,29.00 ,116.68 ,40.8 ,波阳
58520,29.85 ,117.72 ,139.4 ,祁门
58523,29.93 ,117.93 ,227.3 ,黟县
58527,29.30 ,117.20 ,62.9 ,景德镇
58529,29.27 ,117.85 ,82.0 ,婺源
58530,29.87 ,118.43 ,169.9 ,歙县
58531,29.72 ,118.28 ,145.3 ,屯溪
58534,29.78 ,118.18 ,170.3 ,休宁
58537,29.47 ,118.40 ,154.1 ,开化
58542,29.82 ,119.68 ,44.8 ,桐庐
58543,29.62 ,119.02 ,172.2 ,淳安
58544,29.48 ,119.27 ,87.2 ,建德
58546,29.47 ,119.88 ,85.2 ,浦江
58547,29.03 ,119.18 ,66.1 ,龙游
58548,29.22 ,119.47 ,48.3 ,兰溪
58549,29.12 ,119.65 ,64.7 ,金华
58550,29.70 ,120.25 ,12.7 ,诸暨
58553,30.03 ,120.88 ,15.6 ,上虞
58555,29.52 ,120.88 ,112.3 ,新昌
58556,29.60 ,120.82 ,107.6 ,嵊县
58557,29.32 ,120.07 ,75.0 ,义乌
58558,29.27 ,120.22 ,91.9 ,东阳
58559,29.17 ,120.98 ,59.5 ,天台
58562,29.87 ,121.57 ,5.2 ,鄞县
58563,29.97 ,121.75 ,22.8 ,镇海
58565,29.67 ,121.42 ,8.6 ,奉化
58566,29.47 ,121.87 ,4.1 ,象山
58567,29.30 ,121.43 ,28.3 ,宁海
58568,29.12 ,121.37 ,7.1 ,三门
58569,29.20 ,121.95 ,128.0 ,石浦
58570,29.95 ,122.30 ,84.5 ,普陀
58600,28.87 ,115.37 ,79.5 ,靖安
58601,28.70 ,115.38 ,53.3 ,奉新
58602,28.85 ,115.55 ,38.9 ,安义
58605,28.42 ,115.38 ,45.7 ,高安
58606,28.60 ,115.92 ,45.7 ,南昌
58607,28.55 ,115.95 ,28.7 ,南昌县
58608,28.07 ,115.55 ,30.4 ,樟树
58609,28.22 ,115.82 ,26.9 ,丰城
58611,28.88 ,116.42 ,25.5 ,康山
58612,28.70 ,116.68 ,22.0 ,余干
58614,28.38 ,116.27 ,31.1 ,进贤
58615,28.68 ,117.08 ,55.5 ,万年
58616,28.20 ,116.82 ,41.0 ,余江
58617,28.00 ,116.37 ,47.3 ,抚州
58618,28.23 ,116.60 ,51.3 ,东乡
58620,28.97 ,117.13 ,35.0 ,乐平
58622,28.95 ,117.58 ,77.1 ,德兴
58623,28.47 ,117.92 ,84.9 ,上饶县
58624,28.40 ,117.43 ,59.5 ,弋阳
58625,28.42 ,117.60 ,79.2 ,横峰
58626,28.30 ,117.22 ,51.7 ,贵溪
58627,28.25 ,117.03 ,54.6 ,鹰潭镇
58629,28.32 ,117.70 ,57.5 ,铅山
58631,28.90 ,118.50 ,134.3 ,常山
58632,28.75 ,118.63 ,95.8 ,江山
58633,28.97 ,118.87 ,67.1 ,衢州
58634,28.68 ,118.25 ,113.7 ,玉山
58635,28.43 ,118.20 ,96.1 ,广丰
58637,28.45 ,117.98 ,114.9 ,上饶
58642,28.88 ,119.80 ,103.8 ,武义
58643,28.90 ,120.03 ,90.2 ,永康
58644,28.60 ,119.28 ,238.6 ,遂昌
58646,28.45 ,119.92 ,61.8 ,丽水
58647,28.08 ,119.13 ,199.6 ,龙泉
58652,28.85 ,120.72 ,52.0 ,仙居
58653,28.82 ,120.92 ,1383.6 ,括苍山
58654,28.67 ,120.08 ,179.1 ,缙云
58656,28.12 ,120.97 ,6.9 ,乐清
58657,28.15 ,120.28 ,59.3 ,青田
58658,28.15 ,120.68 ,34.6 ,永嘉
58659,28.00 ,120.67 ,7.1 ,温州
58660,28.85 ,121.13 ,8.9 ,临海
58664,28.37 ,121.37 ,6.5 ,温岭
58665,28.62 ,121.42 ,2.2 ,洪家
58666,28.45 ,121.90 ,84.4 ,大陈岛
58667,28.08 ,121.27 ,92.9 ,玉环
58693,28.70 ,115.83 ,37.9 ,新建
58701,27.77 ,115.40 ,44.5 ,新干
58704,27.57 ,115.17 ,49.5 ,峡江
58705,27.33 ,115.42 ,87.7 ,永丰
58706,27.43 ,115.83 ,184.8 ,乐安
58707,27.22 ,115.13 ,115.1 ,吉水
58710,27.77 ,116.05 ,75.6 ,崇仁
58712,27.30 ,116.93 ,130.6 ,黎川
58712,27.92 ,116.78 ,128.8 ,金溪
58713,27.72 ,117.07 ,220.6 ,资溪
58714,27.55 ,116.22 ,88.3 ,宜黄
58715,27.58 ,116.65 ,81.9 ,南城
58718,27.22 ,116.53 ,106.5 ,南丰
58724,27.52 ,117.30 ,264.0 ,光泽
58725,27.33 ,117.47 ,192.4 ,邵武
58730,27.77 ,118.03 ,221.3 ,武夷山市
58731,27.92 ,118.53 ,274.8 ,浦城
58734,27.33 ,118.12 ,196.1 ,建阳
58735,27.52 ,118.80 ,201.4 ,松溪
58736,27.37 ,118.82 ,155.8 ,建瓯
58737,27.05 ,118.32 ,220.9 ,政和
58742,28.12 ,119.55 ,159.6 ,云和
58744,27.53 ,119.42 ,826.2 ,寿宁
58745,27.62 ,119.07 ,354.0 ,庆元
58746,27.57 ,119.70 ,506.3 ,泰顺
58747,27.15 ,119.35 ,900.1 ,周宁
58748,27.10 ,119.65 ,46.4 ,福安
58749,27.25 ,119.90 ,670.0 ,柘荣
58750,27.78 ,120.08 ,130.0 ,文成
58751,27.68 ,120.57 ,6.2 ,平阳
58752,27.78 ,120.62 ,9.5 ,瑞安
58754,27.33 ,120.20 ,37.6 ,福鼎
58760,27.83 ,121.15 ,68.8 ,洞头
58804,26.35 ,115.35 ,148.8 ,兴国
58806,26.48 ,116.02 ,210.1 ,宁都
58813,26.85 ,116.33 ,141.6 ,广昌
58814,26.35 ,116.35 ,230.7 ,石城
58818,26.23 ,116.63 ,359.4 ,宁化
58819,26.20 ,116.85 ,310.0 ,清流
58820,26.90 ,117.17 ,345.2 ,泰宁
58821,26.73 ,117.33 ,153.9 ,将乐
58822,26.83 ,116.85 ,341.8 ,建宁
58823,26.80 ,117.80 ,173.7 ,顺昌
58824,26.40 ,117.15 ,319.4 ,明溪
58826,26.40 ,117.80 ,119.9 ,沙县
58828,26.27 ,117.62 ,213.0 ,三明
58834,26.65 ,118.17 ,127.8 ,南平
58836,26.58 ,118.73 ,355.6 ,古田
58837,26.17 ,118.15 ,126.7 ,尤溪
58839,26.23 ,118.85 ,39.8 ,闽清
58843,26.88 ,120.00 ,12.9 ,霞浦
58844,26.15 ,119.15 ,49.6 ,闽候
58845,26.50 ,119.53 ,57.2 ,罗源
58846,26.67 ,119.52 ,32.9 ,宁德
58847,26.08 ,119.28 ,85.4 ,福州
58848,26.20 ,119.53 ,7.1 ,连江
58849,26.17 ,119.93 ,91.0 ,马祖
58900,25.87 ,115.00 ,130.6 ,赣县
58903,25.87 ,116.03 ,194.1 ,瑞金
58905,25.97 ,115.42 ,132.6 ,于都
58906,25.60 ,115.80 ,167.9 ,会昌
58907,25.15 ,115.40 ,288.3 ,安远
58911,25.85 ,116.37 ,311.2 ,长汀
58912,25.68 ,116.75 ,381.8 ,连城
58917,25.15 ,116.07 ,266.8 ,武平
58918,25.05 ,116.42 ,198.9 ,上杭
58921,25.97 ,117.35 ,205.9 ,永安
58923,25.70 ,117.83 ,400.9 ,大田
58926,25.30 ,117.40 ,203.0 ,漳平
58927,25.10 ,117.03 ,341.5 ,龙岩
58928,25.02 ,117.53 ,160.9 ,华安
58929,25.07 ,118.15 ,89.4 ,安溪
58931,25.72 ,118.10 ,1651.1 ,九仙山
58932,25.87 ,118.93 ,86.3 ,永太
58933,26.92 ,118.98 ,870.8 ,屏南
58934,25.33 ,118.27 ,170.3 ,永春
58935,25.48 ,118.23 ,516.8 ,德化
58936,25.37 ,118.70 ,77.0 ,仙游
58938,25.23 ,118.98 ,22.6 ,秀屿港
58940,26.08 ,119.33 ,25.7 ,福州郊区
58941,25.97 ,119.50 ,8.0 ,长乐
58942,25.72 ,119.38 ,38.0 ,福清
58944,25.52 ,119.78 ,30.9 ,平潭
58945,25.45 ,119.85 ,100.0 ,平潭
58946,25.43 ,119.00 ,29.4 ,蒲田
58965,25.05 ,121.22 ,48.0 ,桃园
58968,25.03 ,121.52 ,9.0 ,台北
58969,25.07 ,121.53 ,7.0 ,台北
58974,25.63 ,122.07 ,102.0 ,彭佳屿
59001,24.78 ,105.33 ,674.4 ,隆林
59004,24.50 ,105.10 ,725.9 ,西林
59007,24.07 ,105.07 ,1251.4 ,广南
59012,24.78 ,106.57 ,973.2 ,乐业
59015,24.35 ,106.57 ,439.0 ,凌云
59017,24.28 ,106.23 ,278.9 ,田林
59021,24.55 ,107.03 ,485.8 ,凤山
59022,24.98 ,107.55 ,697.4 ,南丹
59023,24.70 ,108.05 ,214.3 ,河池
59025,24.52 ,107.37 ,286.0 ,东兰
59027,24.30 ,107.25 ,253.1 ,巴马
59031,24.83 ,108.25 ,206.7 ,环江
59033,24.75 ,108.90 ,329.1 ,罗城
59034,24.48 ,108.67 ,149.8 ,宜山
59037,23.93 ,108.10 ,172.2 ,都安
59038,24.07 ,108.65 ,139.2 ,忻城
59041,24.65 ,109.25 ,108.2 ,柳城
59044,24.47 ,109.38 ,99.1 ,沙塘
59045,24.48 ,109.75 ,95.2 ,鹿案
59046,24.35 ,109.40 ,97.5 ,柳州
59047,24.25 ,109.33 ,101.7 ,柳江
59051,24.77 ,110.50 ,135.3 ,阳朔
59052,24.83 ,110.82 ,167.5 ,恭城
59053,24.62 ,110.67 ,104.4 ,平乐
59055,24.50 ,110.40 ,167.7 ,荔浦
59057,24.13 ,110.18 ,773.6 ,金秀
59058,24.20 ,110.52 ,147.0 ,蒙山
59059,24.18 ,110.80 ,108.3 ,昭平
59061,24.82 ,111.27 ,193.5 ,富川
59063,25.18 ,111.45 ,261.8 ,江华
59064,24.55 ,111.32 ,140.0 ,钟山
59065,24.42 ,111.52 ,109.3 ,贺县
59071,24.72 ,112.28 ,115.3 ,连南
59072,24.78 ,112.38 ,98.1 ,连县
59074,24.57 ,112.15 ,299.0 ,连山
59075,24.48 ,112.63 ,70.0 ,阳山
59081,24.78 ,113.27 ,99.0 ,乳源
59082,24.68 ,113.60 ,59.8 ,韶关
59087,23.87 ,113.53 ,68.4 ,佛冈
59088,24.18 ,113.42 ,44.4 ,英德
59090,24.95 ,114.07 ,103.8 ,始兴
59091,24.75 ,114.53 ,253.4 ,全南
59092,24.92 ,114.82 ,206.5 ,龙南
59093,24.78 ,115.03 ,251.5 ,定南
59094,24.37 ,114.07 ,136.3 ,翁源
59096,24.37 ,114.48 ,214.5 ,连平
59097,24.05 ,114.20 ,160.6 ,新丰
59099,24.45 ,114.93 ,175.0 ,和平
59102,24.95 ,115.65 ,302.7 ,寻乌
59106,24.58 ,115.90 ,148.7 ,平远
59107,24.10 ,115.25 ,101.5 ,龙川
59109,24.15 ,115.73 ,123.0 ,兴宁
59113,24.72 ,116.72 ,221.7 ,永定
59114,24.65 ,116.17 ,106.1 ,蕉岭
59116,24.33 ,116.70 ,80.7 ,大埔
59117,24.27 ,116.10 ,89.3 ,梅县
59122,24.62 ,117.75 ,42.2 ,长太
59124,24.52 ,117.37 ,28.2 ,南靖
59125,24.37 ,117.32 ,36.8 ,平和
59126,24.50 ,117.65 ,29.4 ,漳州
59127,24.45 ,117.82 ,7.6 ,龙海
59129,24.13 ,117.60 ,51.1 ,漳浦
59130,24.72 ,118.13 ,44.9 ,同安
59131,24.97 ,118.37 ,44.9 ,南安
59133,24.90 ,118.92 ,22.6 ,崇武
59134,24.48 ,118.07 ,138.3 ,厦门
59135,24.42 ,118.33 ,11.0 ,金山
59137,24.82 ,118.57 ,55.0 ,晋江
59152,24.80 ,120.97 ,34.0 ,新竹
59153,24.83 ,120.93 ,8.0 ,新竹
59155,24.25 ,120.62 ,100.0 ,公馆
59158,24.15 ,120.68 ,78.0 ,台中
59162,24.77 ,121.75 ,9.0 ,宜兰
59205,23.65 ,105.63 ,690.2 ,富宁
59209,23.42 ,105.83 ,794.7 ,那坡
59211,23.90 ,106.60 ,175.8 ,百色
59213,23.73 ,106.92 ,110.0 ,田阳
59215,23.33 ,106.62 ,635.7 ,德保
59218,23.13 ,106.42 ,740.2 ,靖西
59224,23.60 ,107.12 ,115.8 ,田东
59227,23.08 ,107.15 ,438.0 ,天等
59228,23.32 ,107.58 ,112.6 ,平果
59229,23.18 ,107.70 ,98.0 ,隆安
59230,23.72 ,108.17 ,168.9 ,马山
59235,23.42 ,108.62 ,116.4 ,上林
59237,23.17 ,108.28 ,115.3 ,武鸣
59238,23.22 ,108.80 ,122.7 ,宾阳
59241,23.97 ,109.68 ,91.3 ,象州
59242,23.75 ,109.23 ,85.2 ,来宾
59246,23.60 ,109.67 ,70.4 ,武宣
59249,23.12 ,109.62 ,56.0 ,贵县
59252,23.65 ,110.70 ,100.0 ,太平
59254,23.40 ,110.08 ,44.1 ,桂平
59255,23.55 ,110.38 ,36.9 ,平南
59256,23.37 ,110.92 ,54.6 ,藤县
59262,23.97 ,111.73 ,54.6 ,信都
59264,23.45 ,111.50 ,34.7 ,封开
59265,23.48 ,111.30 ,116.5 ,梧州
59266,23.42 ,111.23 ,41.4 ,苍梧
59268,23.25 ,111.53 ,29.6 ,郁南
59269,23.15 ,111.77 ,22.0 ,德庆
59270,23.92 ,112.18 ,56.9 ,怀集
59271,23.63 ,112.43 ,55.5 ,广宁
59276,23.35 ,112.67 ,48.3 ,四会
59278,23.05 ,112.47 ,12.4 ,高要
59279,23.17 ,112.88 ,84.4 ,三水
59280,23.67 ,113.05 ,19.4 ,清远
59282,23.13 ,113.32 ,8.2 ,天河
59284,23.38 ,113.22 ,6.1 ,花县
59285,23.55 ,113.58 ,34.5 ,从化
59287,23.17 ,113.33 ,4.2 ,广州
59288,23.02 ,113.10 ,6.5 ,南海
59289,23.03 ,113.75 ,19.8 ,东莞
59290,23.73 ,114.23 ,71.3 ,龙门
59293,23.73 ,114.68 ,40.8 ,河源
59294,23.30 ,113.82 ,9.7 ,增城
59297,23.18 ,114.28 ,16.4 ,博罗
59298,23.08 ,114.42 ,22.0 ,惠阳
59303,23.93 ,115.77 ,122.2 ,五华
59304,23.63 ,115.18 ,140.8 ,紫金
59306,23.43 ,115.83 ,41.5 ,揭西
59310,23.77 ,116.18 ,39.1 ,丰顺
59312,23.67 ,116.63 ,11.3 ,潮州
59313,23.68 ,116.98 ,5.8 ,饶平
59314,23.30 ,116.17 ,14.9 ,普宁
59315,23.57 ,116.38 ,3.7 ,揭阳
59316,23.40 ,116.68 ,7.3 ,汕头
59317,23.03 ,116.30 ,13.9 ,惠来
59318,23.27 ,116.58 ,6.7 ,潮阳
59319,23.47 ,116.77 ,5.4 ,澄海
59320,23.77 ,117.13 ,20.4 ,诏安
59321,23.78 ,117.50 ,54.4 ,东山
59322,23.98 ,117.37 ,20.2 ,云宵
59324,23.43 ,117.03 ,7.6 ,南澳
59327,23.40 ,117.10 ,100.0 ,云澳
59328,23.28 ,117.25 ,100.0 ,南澎岛
59345,23.52 ,119.57 ,22.0 ,马公
59348,23.27 ,119.67 ,45.0 ,东吉屿
59353,23.52 ,120.80 ,2408.0 ,阿里山
59354,23.50 ,120.47 ,100.0 ,嘉义
59358,23.00 ,120.22 ,14.0 ,台南
59359,23.48 ,120.95 ,3851.0 ,玉山
59362,24.02 ,121.62 ,100.0 ,花莲
59368,23.10 ,121.37 ,37.0 ,新港
59413,22.83 ,106.82 ,305.0 ,硕龙
59417,22.33 ,106.85 ,129.7 ,龙州
59419,22.10 ,106.75 ,243.4 ,凭祥
59421,22.83 ,107.20 ,255.2 ,大新
59425,22.40 ,107.35 ,106.5 ,崇左
59426,22.63 ,107.90 ,88.9 ,扶绥
59427,22.12 ,107.12 ,162.6 ,宁明
59428,22.12 ,107.43 ,133.0 ,海渊
59429,22.15 ,107.97 ,183.9 ,上思
59431,22.82 ,108.35 ,73.7 ,南宁
59435,22.77 ,108.48 ,78.8 ,邕宁
59441,22.70 ,109.25 ,77.2 ,横县
59446,22.42 ,109.30 ,66.0 ,灵山
59448,22.27 ,109.55 ,69.4 ,浦北
59449,22.27 ,109.98 ,70.4 ,博白
59451,22.70 ,110.35 ,102.5 ,北流
59452,22.85 ,110.53 ,97.2 ,容县
59453,22.65 ,110.17 ,85.3 ,玉林
59454,22.92 ,111.00 ,99.6 ,岑溪
59456,22.35 ,110.93 ,83.9 ,信宜
59457,22.32 ,110.27 ,121.4 ,陆川
59462,22.77 ,111.57 ,57.8 ,罗定
59469,22.17 ,111.78 ,17.1 ,阳春
59470,22.72 ,112.22 ,28.8 ,新兴
59471,22.93 ,112.05 ,99.6 ,云浮
59473,22.77 ,112.97 ,17.6 ,鹤山
59475,22.37 ,112.68 ,17.7 ,开平
59476,22.53 ,113.03 ,28.8 ,新会
59477,22.18 ,112.30 ,25.4 ,恩平
59478,22.25 ,112.78 ,32.8 ,台山
59480,22.85 ,113.25 ,19.0 ,顺德
59481,22.95 ,113.37 ,9.7 ,番禹
59485,22.53 ,113.35 ,2.1 ,中山
59487,22.22 ,113.28 ,17.4 ,斗门
59488,22.28 ,113.58 ,45.8 ,珠海
59492,22.93 ,114.70 ,27.5 ,惠东
59493,22.55 ,114.10 ,40.0 ,深圳
59500,22.97 ,115.32 ,5.7 ,海丰
59501,22.78 ,115.37 ,5.5 ,汕尾
59502,22.95 ,115.65 ,5.1 ,陆丰
59505,22.65 ,115.57 ,100.0 ,遮浪
59553,22.47 ,120.43 ,8.0 ,东港
59554,22.62 ,120.27 ,33.0 ,高雄
59556,22.35 ,120.90 ,9.0 ,大武
59559,22.00 ,120.75 ,24.0 ,恒春
59562,22.75 ,121.15 ,10.0 ,台东
59567,22.03 ,121.55 ,325.0 ,兰屿
59605,21.38 ,110.25 ,28.2 ,遂溪
59620,21.77 ,107.18 ,350.0 ,板栏
59626,21.53 ,107.97 ,22.8 ,东兴
59631,21.78 ,108.35 ,31.3 ,防城
59632,21.95 ,108.62 ,5.5 ,钦洲
59635,21.62 ,108.35 ,100.0 ,防城港
59640,21.67 ,109.18 ,6.0 ,合浦
59644,21.45 ,109.13 ,13.1 ,北海
59647,21.03 ,109.10 ,54.9 ,涠洲岛
59653,21.93 ,110.85 ,31.4 ,高州
59654,21.63 ,110.28 ,21.2 ,廉江
59655,21.65 ,110.62 ,31.8 ,化州
59656,21.43 ,110.77 ,21.8 ,吴川
59658,21.22 ,110.40 ,29.4 ,湛江
59659,21.65 ,110.88 ,26.4 ,茂名
59663,21.87 ,111.97 ,22.0 ,阳江
59664,21.50 ,111.00 ,13.2 ,电白
59673,21.73 ,112.77 ,17.7 ,上川岛
59681,21.82 ,113.95 ,100.0 ,黄茅洲
59750,20.92 ,110.10 ,22.2 ,海康
59752,20.90 ,110.62 ,100.0 ,硇洲
59754,20.33 ,110.17 ,69.0 ,徐闻
59757,20.00 ,110.37 ,10.7 ,琼山
59758,20.03 ,110.35 ,18.0 ,海口
59792,20.67 ,116.72 ,6.0 ,东沙岛
59838,19.10 ,108.62 ,8.0 ,东方
59842,19.90 ,109.68 ,31.6 ,临高
59843,19.73 ,110.00 ,32.1 ,澄迈
59845,19.52 ,109.58 ,168.8 ,儋县
59847,19.27 ,109.05 ,98.9 ,昌江
59848,19.23 ,109.43 ,217.7 ,白沙
59849,19.03 ,109.83 ,248.6 ,琼中
59851,19.70 ,110.33 ,25.2 ,定安
59853,19.57 ,110.82 ,100.0 ,清兰
59854,19.37 ,110.10 ,118.7 ,屯昌
59855,19.23 ,110.47 ,24.1 ,琼海
59856,19.62 ,110.75 ,22.5 ,文昌
59940,18.75 ,109.17 ,160.6 ,乐东
59941,18.77 ,109.52 ,328.5 ,通什
59945,18.65 ,109.70 ,67.4 ,保亭
59948,18.23 ,109.52 ,7.0 ,三亚
59951,18.80 ,110.37 ,9.6 ,万宁
59954,18.50 ,110.03 ,11.5 ,陵水
59981,16.83 ,112.33 ,5.4 ,西沙
59985,16.53 ,111.62 ,4.6 ,珊瑚岛
59995,9.38 ,112.88 ,8.0 ,永署礁
59997,10.38 ,114.37 ,5.0 ,南沙岛
